# created with CityEngine 2025.1.11669 1031R (based on ArcGIS Procedural Runtime 3.3.11669, build date: Fri 10/31/2025 02:38 PM)
# creation date: Thu Sep 24 16:14:07 2026

mtllib new_scene111.mtl

# mesh 'mesh_CityEngineShapeMaterial' from geometry 'mesh_CityEngineShapeMaterial'
v -4.020 7.005 1.062
v -4.020 7.408 1.062
v -2.645 7.408 0.016
v -2.645 7.005 0.016
v -3.744 5.408 -0.198
v -3.787 5.404 -0.184
v -3.591 7.052 0.268
v -3.566 7.056 0.232
v -3.813 5.393 -0.150
v -3.592 7.041 0.311
v -3.813 5.379 -0.108
v -3.566 7.027 0.345
v -3.787 5.368 -0.074
v -3.524 7.016 0.357
v -3.744 5.364 -0.061
v -3.483 7.012 0.341
v -3.702 5.368 -0.074
v -3.457 7.016 0.305
v -3.676 5.379 -0.108
v -3.457 7.027 0.262
v -3.676 5.393 -0.150
v -3.483 7.041 0.229
v -3.702 5.404 -0.184
v -3.524 7.052 0.217
v -3.744 5.386 -0.129
v -3.524 7.034 0.287
v -4.369 7.005 0.603
v -2.993 7.005 -0.442
v -2.993 7.408 -0.442
v -4.369 7.408 0.603
v -4.142 6.942 0.521
v -3.133 6.942 -0.246
v -3.133 6.994 -0.246
v -4.142 6.994 0.521
v -3.880 6.942 0.865
v -3.880 6.994 0.865
v -2.872 6.994 0.098
v -2.872 6.942 0.098
v 0.000 -7.209 -1.026
v -0.114 -7.209 -0.912
v -0.114 -7.209 -1.026
v 0.000 -7.209 -0.912
v 0.114 -7.209 -1.026
v 0.114 -7.209 -0.912
v -0.114 -7.209 -0.797
v 0.000 -7.209 -0.797
v 0.114 -7.209 -0.797
v -4.330 5.266 -1.642
v -0.114 5.266 -1.026
v -4.375 5.266 -1.747
v -0.114 5.266 -0.912
v -3.653 5.495 -0.068
v -0.114 5.495 -2.625
v -3.698 5.495 -0.173
v -0.114 5.495 -2.511
v 8.443 5.495 1.805
v 8.345 -7.209 2.023
v 8.345 5.495 2.023
v 8.443 -7.209 1.805
v 8.480 5.495 1.569
v 8.480 -7.209 1.569
v -8.510 -7.209 1.319
v -8.496 -7.209 1.821
v -8.536 -7.209 1.571
v -8.480 -7.209 1.569
v -8.456 -7.209 1.332
v -8.419 -7.209 1.083
v -8.370 -7.209 1.109
v -8.275 -7.209 0.884
v -8.230 -7.209 0.916
v 8.275 -7.209 0.884
v 8.370 -7.209 1.109
v 8.230 -7.209 0.916
v 8.419 -7.209 1.083
v 8.456 -7.209 1.332
v 8.510 -7.209 1.319
v 8.496 -7.209 1.821
v 8.536 -7.209 1.571
v -8.443 -7.209 1.805
v -8.393 -7.209 2.052
v -8.345 -7.209 2.023
v -8.233 -7.209 2.248
v -8.195 -7.209 2.208
v -8.028 -7.209 2.397
v -8.002 -7.209 2.348
v -7.792 -7.209 2.487
v -7.779 -7.209 2.433
v -7.540 -7.209 2.513
v -7.542 -7.209 2.458
v -7.306 -7.209 2.420
v -7.290 -7.209 2.474
v -7.088 -7.209 2.323
v -7.059 -7.209 2.370
v -6.903 -7.209 2.173
v -6.867 -7.209 2.214
v -5.957 -7.209 1.300
v -5.923 -7.209 1.344
v -4.902 -7.209 0.564
v -4.874 -7.209 0.611
v -3.757 -7.209 -0.023
v -3.736 -7.209 0.027
v -2.544 -7.209 -0.451
v -2.529 -7.209 -0.397
v -1.284 -7.209 -0.710
v -1.276 -7.209 -0.656
v 0.000 -7.209 -0.742
v 1.284 -7.209 -0.710
v 1.276 -7.209 -0.656
v 2.529 -7.209 -0.397
v 2.544 -7.209 -0.451
v 3.736 -7.209 0.027
v 3.758 -7.209 -0.023
v 4.874 -7.209 0.611
v 4.902 -7.209 0.564
v 5.923 -7.209 1.344
v 5.957 -7.209 1.300
v 6.867 -7.209 2.214
v 6.903 -7.209 2.173
v 7.059 -7.209 2.370
v 7.088 -7.209 2.323
v 7.290 -7.209 2.474
v 7.306 -7.209 2.420
v 7.540 -7.209 2.513
v 7.542 -7.209 2.458
v 7.792 -7.209 2.487
v 7.779 -7.209 2.433
v 8.002 -7.209 2.348
v 8.028 -7.209 2.397
v 8.195 -7.209 2.208
v 8.233 -7.209 2.248
v 8.393 -7.209 2.052
v 8.195 5.495 2.208
v -8.496 5.495 1.821
v -8.443 5.495 1.805
v -8.480 5.495 1.569
v -8.393 5.495 2.052
v -8.345 5.495 2.023
v -8.233 5.495 2.248
v -8.195 5.495 2.208
v -8.028 5.495 2.397
v -8.002 5.495 2.348
v -7.792 5.495 2.487
v -7.779 5.495 2.433
v -7.540 5.495 2.513
v -7.542 5.495 2.458
v -7.306 5.495 2.420
v -7.290 5.495 2.474
v -7.088 5.495 2.323
v -7.059 5.495 2.370
v -6.903 5.495 2.173
v -6.867 5.495 2.214
v -5.957 5.495 1.300
v -5.923 5.495 1.344
v -4.902 5.495 0.564
v -4.874 5.495 0.611
v -3.757 5.495 -0.023
v -3.736 5.495 0.027
v -2.544 5.495 -0.451
v -2.529 5.495 -0.397
v -1.284 5.495 -0.710
v -1.276 5.495 -0.656
v 0.000 5.495 -0.797
v 0.000 5.495 -0.742
v 1.276 5.495 -0.656
v 1.284 5.495 -0.710
v 2.529 5.495 -0.397
v 2.544 5.495 -0.451
v 3.736 5.495 0.027
v 3.758 5.495 -0.023
v 4.874 5.495 0.611
v 4.902 5.495 0.564
v 5.923 5.495 1.344
v 5.957 5.495 1.300
v 6.867 5.495 2.214
v 6.903 5.495 2.173
v 7.059 5.495 2.370
v 7.088 5.495 2.323
v 7.290 5.495 2.474
v 7.306 5.495 2.420
v 7.540 5.495 2.513
v 7.542 5.495 2.458
v 7.792 5.495 2.487
v 7.779 5.495 2.433
v 8.002 5.495 2.348
v 8.028 5.495 2.397
v 8.233 5.495 2.248
v 8.393 5.495 2.052
v 8.496 5.495 1.821
v 8.370 5.495 1.109
v 8.275 5.495 0.884
v 8.230 5.495 0.916
v 8.419 5.495 1.083
v 8.456 5.495 1.332
v 8.510 5.495 1.319
v 8.536 5.495 1.571
v -8.510 5.495 1.319
v -8.536 5.495 1.571
v -8.456 5.495 1.332
v -8.419 5.495 1.083
v -8.370 5.495 1.109
v -8.275 5.495 0.884
v -8.230 5.495 0.916
v 3.862 -6.980 0.022
v 3.653 -7.209 -0.068
v 3.862 -7.209 0.022
v 3.653 -6.980 -0.068
v 3.953 -7.209 -0.188
v 3.743 -7.209 -0.278
v 3.953 -6.980 -0.188
v 3.743 -6.980 -0.278
v 3.862 -3.050 0.022
v 3.653 -3.050 -0.068
v 3.862 -2.822 0.022
v 3.653 -2.822 -0.068
v 3.953 -3.050 -0.188
v 3.743 -3.050 -0.278
v 3.953 -2.822 -0.188
v 3.862 1.108 0.022
v 3.653 1.108 -0.068
v 3.743 -2.822 -0.278
v 3.862 1.336 0.022
v 3.653 1.336 -0.068
v 3.953 1.108 -0.188
v 3.743 1.108 -0.278
v 3.953 1.336 -0.188
v 3.862 5.266 0.022
v 3.653 5.266 -0.068
v 3.743 1.336 -0.278
v 3.862 5.495 0.022
v 3.653 5.495 -0.068
v 3.953 5.266 -0.188
v 3.743 5.266 -0.278
v 3.953 5.495 -0.188
v 3.743 5.495 -0.278
v 8.230 -3.050 0.916
v 6.986 -6.980 2.094
v 7.069 -6.980 2.016
v 8.147 -3.050 0.994
v 6.908 -6.980 2.011
v 6.991 -6.980 1.933
v 8.152 -3.050 0.833
v 8.069 -3.050 0.912
v 7.065 -3.050 2.177
v 8.143 -6.980 1.156
v 8.226 -6.980 1.077
v 6.982 -3.050 2.256
v 6.903 -3.050 2.173
v 6.986 -3.050 2.094
v 8.064 -6.980 1.073
v 8.147 -6.980 0.994
v 8.152 -2.822 0.833
v 3.908 -2.822 -0.083
v 8.069 -2.822 0.912
v 8.152 -2.936 0.833
v 8.069 -2.936 0.912
v 3.908 -2.936 -0.083
v 3.862 -2.936 0.022
v 6.908 -3.050 2.011
v 4.540 -3.050 -1.552
v 4.585 -3.050 -1.657
v 6.825 -3.050 2.090
v 4.540 -2.936 -1.552
v 4.585 -2.936 -1.657
v 6.908 -2.936 2.011
v 6.825 -2.936 2.090
v 0.114 5.495 -0.797
v 4.375 5.495 -1.747
v 0.114 5.495 -0.912
v 4.330 5.495 -1.642
v 4.375 5.380 -1.747
v 4.330 5.380 -1.642
v 0.114 5.380 -0.912
v 0.114 5.380 -0.797
v 3.698 5.266 -0.173
v 0.114 5.266 -2.511
v 0.114 5.266 -2.625
v 0.114 5.380 -2.511
v 0.114 5.380 -2.625
v 3.698 5.380 -0.173
v 3.653 5.380 -0.068
v -6.825 1.336 2.090
v -4.585 1.336 -1.657
v -6.908 1.336 2.011
v -4.540 1.336 -1.552
v -4.585 1.222 -1.657
v -4.540 1.222 -1.552
v -6.908 1.222 2.011
v -6.825 1.222 2.090
v -3.908 1.108 -0.083
v -8.069 1.108 0.912
v -8.152 1.108 0.833
v -3.862 1.108 0.022
v -8.069 1.222 0.912
v -8.152 1.222 0.833
v -3.908 1.222 -0.083
v -3.862 1.222 0.022
v 4.480 5.266 -1.702
v 3.803 1.336 -0.128
v 3.848 1.336 -0.233
v 4.435 5.266 -1.597
v 3.698 1.336 -0.173
v 4.375 5.266 -1.747
v 4.330 5.266 -1.642
v 3.908 5.266 -0.083
v 4.494 1.336 -1.447
v 4.540 1.336 -1.552
v 3.758 5.266 -0.023
v 3.803 5.266 -0.128
v 4.390 1.336 -1.492
v 4.435 1.336 -1.597
v 0.114 -2.822 -0.797
v 4.375 -2.822 -1.747
v 0.114 -2.822 -0.912
v 4.330 -2.822 -1.642
v 4.375 -2.936 -1.747
v 4.330 -2.936 -1.642
v 0.114 -2.936 -0.912
v 0.114 -2.936 -0.797
v 3.698 -3.050 -0.173
v 0.114 -3.050 -2.511
v 0.114 -3.050 -2.625
v 0.114 -2.936 -2.511
v 0.114 -2.936 -2.625
v 3.698 -2.936 -0.173
v 3.653 -2.936 -0.068
v 0.114 -6.980 -0.797
v 4.375 -6.980 -1.747
v 0.114 -6.980 -0.912
v 4.330 -6.980 -1.642
v 4.375 -7.095 -1.747
v 4.330 -7.095 -1.642
v 0.114 -7.095 -0.912
v 0.114 -7.095 -0.797
v 3.698 -7.209 -0.173
v 0.114 -7.209 -2.511
v 0.114 -7.209 -2.625
v 0.114 -7.095 -2.511
v 0.114 -7.095 -2.625
v 3.698 -7.095 -0.173
v 3.653 -7.095 -0.068
v -3.653 -6.980 -0.068
v -3.862 -7.209 0.022
v -3.653 -7.209 -0.068
v -3.862 -6.980 0.022
v -3.743 -7.209 -0.278
v -3.953 -7.209 -0.188
v -3.743 -6.980 -0.278
v -3.953 -6.980 -0.188
v -3.653 -3.050 -0.068
v -3.862 -3.050 0.022
v -3.653 -2.822 -0.068
v -3.862 -2.822 0.022
v -3.743 -3.050 -0.278
v -3.953 -3.050 -0.188
v -3.743 -2.822 -0.278
v -3.653 1.108 -0.068
v -3.953 -2.822 -0.188
v -3.653 1.336 -0.068
v -3.862 1.336 0.022
v -3.743 1.108 -0.278
v -3.953 1.108 -0.188
v -3.743 1.336 -0.278
v -3.653 5.266 -0.068
v -3.862 5.266 0.022
v -3.953 1.336 -0.188
v -3.862 5.495 0.022
v -3.743 5.266 -0.278
v -3.953 5.266 -0.188
v -3.743 5.495 -0.278
v -3.953 5.495 -0.188
v 4.480 1.108 -1.702
v 3.803 -2.822 -0.128
v 3.848 -2.822 -0.233
v 4.435 1.108 -1.597
v 3.698 -2.822 -0.173
v 4.375 1.108 -1.747
v 4.330 1.108 -1.642
v 3.908 1.108 -0.083
v 4.494 -2.822 -1.447
v 4.540 -2.822 -1.552
v 3.758 1.108 -0.023
v 3.803 1.108 -0.128
v 4.390 -2.822 -1.492
v 4.435 -2.822 -1.597
v 8.230 5.266 0.916
v 6.986 1.336 2.094
v 7.069 1.336 2.016
v 8.147 5.266 0.994
v 6.908 1.336 2.011
v 6.991 1.336 1.933
v 8.152 5.266 0.833
v 8.069 5.266 0.912
v 7.065 5.266 2.177
v 8.143 1.336 1.156
v 8.226 1.336 1.077
v 6.982 5.266 2.256
v 6.903 5.266 2.173
v 6.986 5.266 2.094
v 8.064 1.336 1.073
v 8.147 1.336 0.994
v -4.585 -6.980 -1.657
v -4.375 -7.209 -1.747
v -4.585 -7.209 -1.657
v -4.375 -6.980 -1.747
v -4.494 -7.209 -1.447
v -4.285 -7.209 -1.538
v -4.494 -6.980 -1.447
v -4.285 -6.980 -1.538
v -4.585 -3.050 -1.657
v -4.375 -3.050 -1.747
v -4.585 -2.822 -1.657
v -4.375 -2.822 -1.747
v -4.494 -3.050 -1.447
v -4.285 -3.050 -1.538
v -4.494 -2.822 -1.447
v -4.585 1.108 -1.657
v -4.375 1.108 -1.747
v -4.285 -2.822 -1.538
v -4.375 1.336 -1.747
v -4.494 1.108 -1.447
v -4.285 1.108 -1.538
v -4.494 1.336 -1.447
v -4.585 5.266 -1.657
v -4.285 1.336 -1.538
v -4.585 5.495 -1.657
v -4.375 5.495 -1.747
v -4.494 5.266 -1.447
v -4.285 5.266 -1.538
v -4.494 5.495 -1.447
v -4.285 5.495 -1.538
v -8.309 -6.980 0.999
v -8.152 -7.209 0.833
v -8.309 -7.209 0.999
v -8.152 -6.980 0.833
v -8.143 -7.209 1.156
v -7.986 -7.209 0.990
v -8.143 -6.980 1.156
v -7.986 -6.980 0.990
v -8.309 -3.050 0.999
v -8.152 -3.050 0.833
v -8.309 -2.822 0.999
v -8.152 -2.822 0.833
v -8.143 -3.050 1.156
v -7.986 -3.050 0.990
v -8.143 -2.822 1.156
v -8.309 1.108 0.999
v -7.986 -2.822 0.990
v -8.309 1.336 0.999
v -8.152 1.336 0.833
v -8.143 1.108 1.156
v -7.986 1.108 0.990
v -8.143 1.336 1.156
v -8.309 5.266 0.999
v -8.152 5.266 0.833
v -7.986 1.336 0.990
v -8.309 5.495 0.999
v -8.152 5.495 0.833
v -8.143 5.266 1.156
v -7.986 5.266 0.990
v -8.143 5.495 1.156
v -7.986 5.495 0.990
v -0.114 -6.980 -0.797
v 0.114 -6.980 -1.026
v -0.114 -6.980 -1.026
v 0.114 -3.050 -0.797
v -0.114 -3.050 -0.797
v -0.114 -2.822 -0.797
v 0.114 -3.050 -1.026
v -0.114 -3.050 -1.026
v 0.114 -2.822 -1.026
v 0.114 1.108 -0.797
v -0.114 1.108 -0.797
v -0.114 -2.822 -1.026
v 0.114 1.336 -0.797
v -0.114 1.336 -0.797
v 0.114 1.108 -1.026
v -0.114 1.108 -1.026
v 0.114 1.336 -1.026
v 0.114 5.266 -0.797
v -0.114 5.266 -0.797
v -0.114 1.336 -1.026
v -0.114 5.495 -0.797
v 0.114 5.266 -1.026
v 0.114 5.495 -1.026
v -0.114 5.495 -1.026
v 4.375 1.336 -1.747
v 0.114 1.336 -0.912
v 4.330 1.336 -1.642
v 4.375 1.222 -1.747
v 4.330 1.222 -1.642
v 0.114 1.222 -0.912
v 0.114 1.222 -0.797
v 3.698 1.108 -0.173
v 0.114 1.108 -2.511
v 0.114 1.108 -2.625
v 0.114 1.222 -2.511
v 0.114 1.222 -2.625
v 3.698 1.222 -0.173
v 3.653 1.222 -0.068
v 8.230 1.108 0.916
v 6.986 -2.822 2.094
v 7.069 -2.822 2.016
v 8.147 1.108 0.994
v 6.908 -2.822 2.011
v 6.991 -2.822 1.933
v 8.152 1.108 0.833
v 8.069 1.108 0.912
v 7.065 1.108 2.177
v 8.143 -2.822 1.156
v 8.226 -2.822 1.077
v 6.982 1.108 2.256
v 6.903 1.108 2.173
v 6.986 1.108 2.094
v 8.064 -2.822 1.073
v 8.147 -2.822 0.994
v 4.480 -3.050 -1.702
v 3.803 -6.980 -0.128
v 3.848 -6.980 -0.233
v 4.435 -3.050 -1.597
v 3.698 -6.980 -0.173
v 4.375 -3.050 -1.747
v 4.330 -3.050 -1.642
v 3.908 -3.050 -0.083
v 4.494 -6.980 -1.447
v 4.540 -6.980 -1.552
v 3.758 -3.050 -0.023
v 3.803 -3.050 -0.128
v 4.390 -6.980 -1.492
v 4.435 -6.980 -1.597
v 4.585 -7.209 -1.657
v 4.375 -7.209 -1.747
v 4.585 -6.980 -1.657
v 4.285 -7.209 -1.538
v 4.494 -7.209 -1.447
v 4.285 -6.980 -1.538
v 4.585 -2.822 -1.657
v 4.285 -3.050 -1.538
v 4.494 -3.050 -1.447
v 4.285 -2.822 -1.538
v 4.585 1.108 -1.657
v 4.585 1.336 -1.657
v 4.285 1.108 -1.538
v 4.494 1.108 -1.447
v 4.285 1.336 -1.538
v 4.585 5.266 -1.657
v 4.585 5.495 -1.657
v 4.285 5.266 -1.538
v 4.494 5.266 -1.447
v 4.285 5.495 -1.538
v 4.494 5.495 -1.447
v -0.114 1.336 -2.625
v -3.698 1.336 -0.173
v -0.114 1.336 -2.511
v -0.114 1.222 -2.625
v -0.114 1.222 -2.511
v -3.698 1.222 -0.173
v -3.653 1.222 -0.068
v -0.114 1.108 -0.912
v -4.330 1.108 -1.642
v -4.330 1.222 -1.642
v -4.375 1.222 -1.747
v -0.114 1.222 -0.912
v -0.114 1.222 -0.797
v -0.114 -6.980 -2.625
v -0.114 -7.209 -2.625
v 0.114 -6.980 -2.625
v -0.114 -7.209 -2.397
v 0.114 -7.209 -2.397
v -0.114 -6.980 -2.397
v 0.114 -6.980 -2.397
v -0.114 -3.050 -2.625
v -0.114 -2.822 -2.625
v 0.114 -2.822 -2.625
v -0.114 -3.050 -2.397
v 0.114 -3.050 -2.397
v -0.114 -2.822 -2.397
v -0.114 1.108 -2.625
v 0.114 -2.822 -2.397
v 0.114 1.336 -2.625
v -0.114 1.108 -2.397
v 0.114 1.108 -2.397
v -0.114 1.336 -2.397
v -0.114 5.266 -2.625
v 0.114 1.336 -2.397
v 0.114 5.495 -2.625
v -0.114 5.266 -2.397
v 0.114 5.266 -2.397
v -0.114 5.495 -2.397
v 0.114 5.495 -2.397
v -3.698 -6.980 -0.173
v -0.114 -6.980 -2.511
v -0.114 -7.095 -2.625
v -0.114 -7.095 -2.511
v -3.698 -7.095 -0.173
v -3.653 -7.095 -0.068
v -4.330 -7.209 -1.642
v -4.330 -7.095 -1.642
v -4.375 -7.095 -1.747
v -0.114 -7.095 -0.912
v -0.114 -7.095 -0.797
v -8.230 1.108 0.916
v -6.986 -2.822 2.094
v -7.069 -2.822 2.016
v -8.147 1.108 0.994
v -7.065 -2.822 2.177
v -7.148 -2.822 2.099
v -8.226 1.108 1.077
v -6.908 1.108 2.011
v -8.069 -2.822 0.912
v -6.825 1.108 2.090
v -6.903 1.108 2.173
v -6.986 1.108 2.094
v -8.064 -2.822 1.073
v -8.147 -2.822 0.994
v 8.152 5.495 0.833
v 3.908 5.495 -0.083
v 8.069 5.495 0.912
v 8.152 5.380 0.833
v 8.069 5.380 0.912
v 3.908 5.380 -0.083
v 3.862 5.380 0.022
v 6.908 5.266 2.011
v 4.540 5.266 -1.552
v 6.825 5.266 2.090
v 4.540 5.380 -1.552
v 4.585 5.380 -1.657
v 6.908 5.380 2.011
v 6.825 5.380 2.090
v -8.230 5.266 0.916
v -6.986 1.336 2.094
v -7.069 1.336 2.016
v -8.147 5.266 0.994
v -7.065 1.336 2.177
v -7.148 1.336 2.099
v -8.226 5.266 1.077
v -6.908 5.266 2.011
v -8.069 1.336 0.912
v -6.825 5.266 2.090
v -6.903 5.266 2.173
v -6.986 5.266 2.094
v -8.064 1.336 1.073
v -8.147 1.336 0.994
v 0.000 5.266 -2.625
v 0.000 1.336 -0.912
v 0.000 1.336 -1.026
v 0.000 5.266 -2.511
v -0.114 1.336 -0.912
v -0.114 5.266 -2.511
v 0.114 5.266 -0.912
v 0.114 1.336 -2.511
v 0.000 5.266 -0.797
v 0.000 5.266 -0.912
v 0.000 1.336 -2.397
v 0.000 1.336 -2.511
v -6.825 -6.980 2.090
v -6.982 -7.209 2.256
v -6.825 -7.209 2.090
v -6.982 -6.980 2.256
v -6.991 -7.209 1.933
v -7.148 -7.209 2.099
v -6.991 -6.980 1.933
v -7.148 -6.980 2.099
v -6.825 -3.050 2.090
v -6.982 -3.050 2.256
v -6.825 -2.822 2.090
v -6.982 -2.822 2.256
v -6.991 -3.050 1.933
v -7.148 -3.050 2.099
v -6.991 -2.822 1.933
v -6.982 1.108 2.256
v -6.982 1.336 2.256
v -6.991 1.108 1.933
v -7.148 1.108 2.099
v -6.991 1.336 1.933
v -6.982 5.266 2.256
v -6.825 5.495 2.090
v -6.982 5.495 2.256
v -6.991 5.266 1.933
v -7.148 5.266 2.099
v -6.991 5.495 1.933
v -7.148 5.495 2.099
v 8.152 -6.980 0.833
v 8.309 -7.209 0.999
v 8.152 -7.209 0.833
v 8.309 -6.980 0.999
v 7.986 -7.209 0.990
v 8.143 -7.209 1.156
v 7.986 -6.980 0.990
v 8.309 -3.050 0.999
v 8.309 -2.822 0.999
v 7.986 -3.050 0.990
v 8.143 -3.050 1.156
v 7.986 -2.822 0.990
v 8.309 1.108 0.999
v 8.152 1.336 0.833
v 8.309 1.336 0.999
v 7.986 1.108 0.990
v 8.143 1.108 1.156
v 7.986 1.336 0.990
v 8.309 5.266 0.999
v 8.309 5.495 0.999
v 7.986 5.266 0.990
v 8.143 5.266 1.156
v 7.986 5.495 0.990
v 8.143 5.495 1.156
v -6.908 -2.822 2.011
v -4.540 -2.822 -1.552
v -4.585 -2.936 -1.657
v -4.540 -2.936 -1.552
v -6.908 -2.936 2.011
v -6.825 -2.936 2.090
v -3.908 -3.050 -0.083
v -8.069 -3.050 0.912
v -8.069 -2.936 0.912
v -8.152 -2.936 0.833
v -3.908 -2.936 -0.083
v -3.862 -2.936 0.022
v 6.982 -6.980 2.256
v 6.825 -7.209 2.090
v 6.982 -7.209 2.256
v 6.825 -6.980 2.090
v 7.148 -7.209 2.099
v 6.991 -7.209 1.933
v 7.148 -6.980 2.099
v 6.982 -2.822 2.256
v 6.825 -2.822 2.090
v 7.148 -3.050 2.099
v 6.991 -3.050 1.933
v 7.148 -2.822 2.099
v 6.825 1.108 2.090
v 6.982 1.336 2.256
v 6.825 1.336 2.090
v 7.148 1.108 2.099
v 6.991 1.108 1.933
v 7.148 1.336 2.099
v 6.982 5.495 2.256
v 6.825 5.495 2.090
v 7.148 5.266 2.099
v 6.991 5.266 1.933
v 7.148 5.495 2.099
v 6.991 5.495 1.933
v -3.698 -2.822 -0.173
v -0.114 -2.822 -2.511
v -0.114 -2.936 -2.625
v -0.114 -2.936 -2.511
v -3.698 -2.936 -0.173
v -3.653 -2.936 -0.068
v -0.114 -3.050 -0.912
v -4.330 -3.050 -1.642
v -4.330 -2.936 -1.642
v -4.375 -2.936 -1.747
v -0.114 -2.936 -0.912
v -0.114 -2.936 -0.797
v -0.114 5.380 -2.625
v -0.114 5.380 -2.511
v -3.698 5.380 -0.173
v -3.653 5.380 -0.068
v -4.330 5.380 -1.642
v -4.375 5.380 -1.747
v -0.114 5.380 -0.912
v -0.114 5.380 -0.797
v -6.908 5.495 2.011
v -4.540 5.495 -1.552
v -4.585 5.380 -1.657
v -4.540 5.380 -1.552
v -6.908 5.380 2.011
v -6.825 5.380 2.090
v -3.908 5.266 -0.083
v -8.069 5.266 0.912
v -8.069 5.380 0.912
v -8.152 5.380 0.833
v -3.908 5.380 -0.083
v -3.862 5.380 0.022
v -4.480 -3.050 -1.702
v -3.803 -6.980 -0.128
v -3.848 -6.980 -0.233
v -4.435 -3.050 -1.597
v -3.908 -6.980 -0.083
v -4.540 -3.050 -1.552
v -3.698 -3.050 -0.173
v -4.330 -6.980 -1.642
v -3.757 -3.050 -0.023
v -3.803 -3.050 -0.128
v -4.390 -6.980 -1.492
v -4.435 -6.980 -1.597
v -4.480 5.266 -1.702
v -3.803 1.336 -0.128
v -3.848 1.336 -0.233
v -4.435 5.266 -1.597
v -3.908 1.336 -0.083
v -4.540 5.266 -1.552
v -3.698 5.266 -0.173
v -4.330 1.336 -1.642
v -3.757 5.266 -0.023
v -3.803 5.266 -0.128
v -4.390 1.336 -1.492
v -4.435 1.336 -1.597
v -6.908 -6.980 2.011
v -4.540 -6.980 -1.552
v -4.585 -7.095 -1.657
v -4.540 -7.095 -1.552
v -6.908 -7.095 2.011
v -6.825 -7.095 2.090
v -3.908 -7.209 -0.083
v -8.069 -7.209 0.912
v -8.069 -7.095 0.912
v -8.152 -7.095 0.833
v -3.908 -7.095 -0.083
v -3.862 -7.095 0.022
v 0.000 -3.050 -2.625
v 0.000 -6.980 -0.912
v 0.000 -6.980 -1.026
v 0.000 -3.050 -2.511
v -0.114 -6.980 -0.912
v -0.114 -3.050 -2.511
v 0.114 -3.050 -0.912
v 0.114 -6.980 -2.511
v 0.000 -3.050 -0.797
v 0.000 -3.050 -0.912
v 0.000 -6.980 -2.397
v 0.000 -6.980 -2.511
v 3.908 -6.980 -0.083
v 8.069 -6.980 0.912
v 8.152 -7.095 0.833
v 8.069 -7.095 0.912
v 3.908 -7.095 -0.083
v 3.862 -7.095 0.022
v 6.908 -7.209 2.011
v 4.540 -7.209 -1.552
v 4.540 -7.095 -1.552
v 4.585 -7.095 -1.657
v 6.908 -7.095 2.011
v 6.825 -7.095 2.090
v -4.480 1.108 -1.702
v -3.803 -2.822 -0.128
v -3.848 -2.822 -0.233
v -4.435 1.108 -1.597
v -3.908 -2.822 -0.083
v -4.540 1.108 -1.552
v -3.698 1.108 -0.173
v -4.330 -2.822 -1.642
v -3.757 1.108 -0.023
v -3.803 1.108 -0.128
v -4.390 -2.822 -1.492
v -4.435 -2.822 -1.597
v -8.230 -3.050 0.916
v -6.986 -6.980 2.094
v -7.069 -6.980 2.016
v -8.147 -3.050 0.994
v -7.065 -6.980 2.177
v -8.226 -3.050 1.077
v -6.908 -3.050 2.011
v -8.069 -6.980 0.912
v -6.903 -3.050 2.173
v -6.986 -3.050 2.094
v -8.064 -6.980 1.073
v -8.147 -6.980 0.994
v 0.000 1.108 -2.625
v 0.000 -2.822 -0.912
v 0.000 -2.822 -1.026
v 0.000 1.108 -2.511
v -0.114 -2.822 -0.912
v -0.114 1.108 -2.511
v 0.114 1.108 -0.912
v 0.114 -2.822 -2.511
v 0.000 1.108 -0.797
v 0.000 1.108 -0.912
v 0.000 -2.822 -2.397
v 0.000 -2.822 -2.511
v 3.908 1.336 -0.083
v 8.069 1.336 0.912
v 8.152 1.222 0.833
v 8.069 1.222 0.912
v 3.908 1.222 -0.083
v 3.862 1.222 0.022
v 6.908 1.108 2.011
v 4.540 1.108 -1.552
v 4.540 1.222 -1.552
v 4.585 1.222 -1.657
v 6.908 1.222 2.011
v 6.825 1.222 2.090
v 0.772 -7.408 8.528
v 0.842 -7.408 8.532
v 0.855 -7.308 8.433
v 0.772 -7.308 8.428
v 0.911 -7.408 8.546
v 0.937 -7.308 8.449
v 0.978 -7.408 8.569
v 1.017 -7.308 8.476
v 1.042 -7.408 8.600
v 1.092 -7.308 8.513
v 1.100 -7.408 8.639
v 1.161 -7.308 8.560
v 1.154 -7.408 8.686
v 1.224 -7.308 8.615
v 1.200 -7.408 8.739
v 1.279 -7.308 8.678
v 1.239 -7.408 8.798
v 1.326 -7.308 8.748
v 1.271 -7.408 8.861
v 1.363 -7.308 8.823
v 1.293 -7.408 8.928
v 1.390 -7.308 8.902
v 1.307 -7.408 8.997
v 1.406 -7.308 8.984
v 1.312 -7.408 9.068
v 1.412 -7.308 9.068
v 1.307 -7.408 9.138
v 1.406 -7.308 9.151
v 1.293 -7.408 9.207
v 1.390 -7.308 9.233
v 1.271 -7.408 9.274
v 1.363 -7.308 9.313
v 1.239 -7.408 9.338
v 1.326 -7.308 9.388
v 1.200 -7.408 9.396
v 1.279 -7.308 9.457
v 1.154 -7.408 9.449
v 1.224 -7.308 9.520
v 1.100 -7.408 9.496
v 1.161 -7.308 9.575
v 1.042 -7.408 9.535
v 1.092 -7.308 9.622
v 0.978 -7.408 9.566
v 1.017 -7.308 9.659
v 0.911 -7.408 9.589
v 0.937 -7.308 9.686
v 0.842 -7.408 9.603
v 0.855 -7.308 9.702
v 0.772 -7.408 9.608
v 0.772 -7.308 9.708
v -1.998 -7.408 9.608
v -1.998 -7.308 9.708
v -2.069 -7.408 9.603
v -2.082 -7.308 9.702
v -2.138 -7.408 9.589
v -2.164 -7.308 9.686
v -2.205 -7.408 9.566
v -2.243 -7.308 9.659
v -2.268 -7.408 9.535
v -2.318 -7.308 9.622
v -2.327 -7.408 9.496
v -2.388 -7.308 9.575
v -2.380 -7.408 9.449
v -2.451 -7.308 9.520
v -2.427 -7.408 9.396
v -2.506 -7.308 9.457
v -2.466 -7.408 9.338
v -2.553 -7.308 9.388
v -2.497 -7.408 9.274
v -2.590 -7.308 9.313
v -2.520 -7.408 9.207
v -2.616 -7.308 9.233
v -2.534 -7.408 9.138
v -2.633 -7.308 9.151
v -2.538 -7.408 9.068
v -2.638 -7.308 9.068
v -2.534 -7.408 8.997
v -2.633 -7.308 8.984
v -2.520 -7.408 8.928
v -2.616 -7.308 8.902
v -2.497 -7.408 8.861
v -2.590 -7.308 8.823
v -2.466 -7.408 8.798
v -2.553 -7.308 8.748
v -2.427 -7.408 8.739
v -2.506 -7.308 8.678
v -2.380 -7.408 8.686
v -2.451 -7.308 8.615
v -2.327 -7.408 8.639
v -2.388 -7.308 8.560
v -2.268 -7.408 8.600
v -2.318 -7.308 8.513
v -2.205 -7.408 8.569
v -2.243 -7.308 8.476
v -2.138 -7.408 8.546
v -2.164 -7.308 8.449
v -2.069 -7.408 8.532
v -2.082 -7.308 8.433
v -1.998 -7.408 8.528
v -1.998 -7.308 8.428
v 0.855 -7.078 8.433
v 0.772 -7.078 8.428
v 0.937 -7.078 8.449
v 1.017 -7.078 8.476
v 1.092 -7.078 8.513
v 1.161 -7.078 8.560
v 1.224 -7.078 8.615
v 1.279 -7.078 8.678
v 1.326 -7.078 8.748
v 1.363 -7.078 8.823
v 1.390 -7.078 8.902
v 1.406 -7.078 8.984
v 1.412 -7.078 9.068
v 1.406 -7.078 9.151
v 1.390 -7.078 9.233
v 1.363 -7.078 9.313
v 1.326 -7.078 9.388
v 1.279 -7.078 9.457
v 1.224 -7.078 9.520
v 1.161 -7.078 9.575
v 1.092 -7.078 9.622
v 1.017 -7.078 9.659
v 0.937 -7.078 9.686
v 0.855 -7.078 9.702
v 0.772 -7.078 9.708
v -1.998 -7.078 9.708
v -2.082 -7.078 9.702
v -2.164 -7.078 9.686
v -2.243 -7.078 9.659
v -2.318 -7.078 9.622
v -2.388 -7.078 9.575
v -2.451 -7.078 9.520
v -2.506 -7.078 9.457
v -2.553 -7.078 9.388
v -2.590 -7.078 9.313
v -2.616 -7.078 9.233
v -2.633 -7.078 9.151
v -2.638 -7.078 9.068
v -2.633 -7.078 8.984
v -2.616 -7.078 8.902
v -2.590 -7.078 8.823
v -2.553 -7.078 8.748
v -2.506 -7.078 8.678
v -2.451 -7.078 8.615
v -2.388 -7.078 8.560
v -2.318 -7.078 8.513
v -2.243 -7.078 8.476
v -2.164 -7.078 8.449
v -2.082 -7.078 8.433
v -1.998 -7.078 8.428
v 0.842 -6.978 8.532
v 0.772 -6.978 8.528
v 0.911 -6.978 8.546
v 0.978 -6.978 8.569
v 1.042 -6.978 8.600
v 1.100 -6.978 8.639
v 1.154 -6.978 8.686
v 1.200 -6.978 8.739
v 1.239 -6.978 8.798
v 1.271 -6.978 8.861
v 1.293 -6.978 8.928
v 1.307 -6.978 8.997
v 1.312 -6.978 9.068
v 1.307 -6.978 9.138
v 1.293 -6.978 9.207
v 1.271 -6.978 9.274
v 1.239 -6.978 9.338
v 1.200 -6.978 9.396
v 1.154 -6.978 9.449
v 1.100 -6.978 9.496
v 1.042 -6.978 9.535
v 0.978 -6.978 9.566
v 0.911 -6.978 9.589
v 0.842 -6.978 9.603
v 0.772 -6.978 9.608
v -1.998 -6.978 9.608
v -2.069 -6.978 9.603
v -2.138 -6.978 9.589
v -2.205 -6.978 9.566
v -2.268 -6.978 9.535
v -2.327 -6.978 9.496
v -2.380 -6.978 9.449
v -2.427 -6.978 9.396
v -2.466 -6.978 9.338
v -2.497 -6.978 9.274
v -2.520 -6.978 9.207
v -2.534 -6.978 9.138
v -2.538 -6.978 9.068
v -2.534 -6.978 8.997
v -2.520 -6.978 8.928
v -2.497 -6.978 8.861
v -2.466 -6.978 8.798
v -2.427 -6.978 8.739
v -2.380 -6.978 8.686
v -2.327 -6.978 8.639
v -2.268 -6.978 8.600
v -2.205 -6.978 8.569
v -2.138 -6.978 8.546
v -2.069 -6.978 8.532
v -1.998 -6.978 8.528
v -0.613 -7.408 9.068
v -0.613 -6.978 9.068
v 0.717 -6.978 8.563
v 0.783 -6.978 8.567
v 0.790 -6.923 8.512
v 0.717 -6.923 8.504
v 0.847 -6.978 8.580
v 0.862 -6.923 8.527
v 0.910 -6.978 8.601
v 0.931 -6.923 8.550
v 0.969 -6.978 8.630
v 0.997 -6.923 8.583
v 1.024 -6.978 8.667
v 1.058 -6.923 8.623
v 1.074 -6.978 8.711
v 1.113 -6.923 8.672
v 1.117 -6.978 8.760
v 1.161 -6.923 8.727
v 1.154 -6.978 8.815
v 1.202 -6.923 8.788
v 1.183 -6.978 8.874
v 1.234 -6.923 8.853
v 1.205 -6.978 8.937
v 1.258 -6.923 8.923
v 1.217 -6.978 9.002
v 1.272 -6.923 8.994
v 1.222 -6.978 9.068
v 1.277 -6.923 9.068
v 1.217 -6.978 9.134
v 1.272 -6.923 9.141
v 1.205 -6.978 9.198
v 1.258 -6.923 9.213
v 1.183 -6.978 9.261
v 1.234 -6.923 9.282
v 1.154 -6.978 9.320
v 1.202 -6.923 9.348
v 1.117 -6.978 9.375
v 1.161 -6.923 9.408
v 1.074 -6.978 9.425
v 1.113 -6.923 9.464
v 1.024 -6.978 9.468
v 1.058 -6.923 9.512
v 0.969 -6.978 9.505
v 0.997 -6.923 9.553
v 0.910 -6.978 9.534
v 0.931 -6.923 9.585
v 0.847 -6.978 9.555
v 0.862 -6.923 9.609
v 0.783 -6.978 9.568
v 0.790 -6.923 9.623
v 0.717 -6.978 9.573
v 0.717 -6.923 9.632
v -1.943 -6.978 9.573
v -1.943 -6.923 9.632
v -2.009 -6.978 9.568
v -2.016 -6.923 9.623
v -2.074 -6.978 9.555
v -2.088 -6.923 9.609
v -2.137 -6.978 9.534
v -2.158 -6.923 9.585
v -2.196 -6.978 9.505
v -2.223 -6.923 9.553
v -2.251 -6.978 9.468
v -2.284 -6.923 9.512
v -2.300 -6.978 9.425
v -2.339 -6.923 9.464
v -2.344 -6.978 9.375
v -2.388 -6.923 9.408
v -2.381 -6.978 9.320
v -2.428 -6.923 9.348
v -2.410 -6.978 9.261
v -2.461 -6.923 9.282
v -2.431 -6.978 9.198
v -2.484 -6.923 9.213
v -2.444 -6.978 9.134
v -2.498 -6.923 9.141
v -2.448 -6.978 9.068
v -2.503 -6.923 9.068
v -2.444 -6.978 9.002
v -2.498 -6.923 8.994
v -2.431 -6.978 8.937
v -2.484 -6.923 8.923
v -2.410 -6.978 8.874
v -2.461 -6.923 8.853
v -2.381 -6.978 8.815
v -2.428 -6.923 8.788
v -2.344 -6.978 8.760
v -2.388 -6.923 8.727
v -2.300 -6.978 8.711
v -2.339 -6.923 8.672
v -2.251 -6.978 8.667
v -2.284 -6.923 8.623
v -2.196 -6.978 8.630
v -2.223 -6.923 8.583
v -2.137 -6.978 8.601
v -2.158 -6.923 8.550
v -2.074 -6.978 8.580
v -2.088 -6.923 8.527
v -2.009 -6.978 8.567
v -2.016 -6.923 8.512
v -1.943 -6.978 8.563
v -1.943 -6.923 8.504
v 0.790 -4.213 8.512
v 0.717 -4.213 8.504
v 0.862 -4.213 8.527
v 0.931 -4.213 8.550
v 0.997 -4.213 8.583
v 1.058 -4.213 8.623
v 1.113 -4.213 8.672
v 1.161 -4.213 8.727
v 1.202 -4.213 8.788
v 1.234 -4.213 8.853
v 1.258 -4.213 8.923
v 1.272 -4.213 8.994
v 1.277 -4.213 9.068
v 1.272 -4.213 9.141
v 1.258 -4.213 9.213
v 1.234 -4.213 9.282
v 1.202 -4.213 9.348
v 1.161 -4.213 9.408
v 1.113 -4.213 9.464
v 1.058 -4.213 9.512
v 0.997 -4.213 9.553
v 0.931 -4.213 9.585
v 0.862 -4.213 9.609
v 0.790 -4.213 9.623
v 0.717 -4.213 9.632
v -1.943 -4.213 9.632
v -2.016 -4.213 9.623
v -2.088 -4.213 9.609
v -2.158 -4.213 9.585
v -2.223 -4.213 9.553
v -2.284 -4.213 9.512
v -2.339 -4.213 9.464
v -2.388 -4.213 9.408
v -2.428 -4.213 9.348
v -2.461 -4.213 9.282
v -2.484 -4.213 9.213
v -2.498 -4.213 9.141
v -2.503 -4.213 9.068
v -2.498 -4.213 8.994
v -2.484 -4.213 8.923
v -2.461 -4.213 8.853
v -2.428 -4.213 8.788
v -2.388 -4.213 8.727
v -2.339 -4.213 8.672
v -2.284 -4.213 8.623
v -2.223 -4.213 8.583
v -2.158 -4.213 8.550
v -2.088 -4.213 8.527
v -2.016 -4.213 8.512
v -1.943 -4.213 8.504
v 0.783 -4.158 8.567
v 0.717 -4.158 8.563
v 0.847 -4.158 8.580
v 0.910 -4.158 8.601
v 0.969 -4.158 8.630
v 1.024 -4.158 8.667
v 1.074 -4.158 8.711
v 1.117 -4.158 8.760
v 1.154 -4.158 8.815
v 1.183 -4.158 8.874
v 1.205 -4.158 8.937
v 1.217 -4.158 9.002
v 1.222 -4.158 9.068
v 1.217 -4.158 9.134
v 1.205 -4.158 9.198
v 1.183 -4.158 9.261
v 1.154 -4.158 9.320
v 1.117 -4.158 9.375
v 1.074 -4.158 9.425
v 1.024 -4.158 9.468
v 0.969 -4.158 9.505
v 0.910 -4.158 9.534
v 0.847 -4.158 9.555
v 0.783 -4.158 9.568
v 0.717 -4.158 9.573
v -1.943 -4.158 9.573
v -2.009 -4.158 9.568
v -2.074 -4.158 9.555
v -2.137 -4.158 9.534
v -2.196 -4.158 9.505
v -2.251 -4.158 9.468
v -2.300 -4.158 9.425
v -2.344 -4.158 9.375
v -2.381 -4.158 9.320
v -2.410 -4.158 9.261
v -2.431 -4.158 9.198
v -2.444 -4.158 9.134
v -2.448 -4.158 9.068
v -2.444 -4.158 9.002
v -2.431 -4.158 8.937
v -2.410 -4.158 8.874
v -2.381 -4.158 8.815
v -2.344 -4.158 8.760
v -2.300 -4.158 8.711
v -2.251 -4.158 8.667
v -2.196 -4.158 8.630
v -2.137 -4.158 8.601
v -2.074 -4.158 8.580
v -2.009 -4.158 8.567
v -1.943 -4.158 8.563
v -0.613 -4.158 9.068
v 0.772 -4.158 8.528
v 0.842 -4.158 8.532
v 0.855 -4.058 8.433
v 0.772 -4.058 8.428
v 0.911 -4.158 8.546
v 0.937 -4.058 8.449
v 0.978 -4.158 8.569
v 1.017 -4.058 8.476
v 1.042 -4.158 8.600
v 1.092 -4.058 8.513
v 1.100 -4.158 8.639
v 1.161 -4.058 8.560
v 1.154 -4.158 8.686
v 1.224 -4.058 8.615
v 1.200 -4.158 8.739
v 1.279 -4.058 8.678
v 1.239 -4.158 8.798
v 1.326 -4.058 8.748
v 1.271 -4.158 8.861
v 1.363 -4.058 8.823
v 1.293 -4.158 8.928
v 1.390 -4.058 8.902
v 1.307 -4.158 8.997
v 1.406 -4.058 8.984
v 1.312 -4.158 9.068
v 1.412 -4.058 9.068
v 1.307 -4.158 9.138
v 1.406 -4.058 9.151
v 1.293 -4.158 9.207
v 1.390 -4.058 9.233
v 1.271 -4.158 9.274
v 1.363 -4.058 9.313
v 1.239 -4.158 9.338
v 1.326 -4.058 9.388
v 1.200 -4.158 9.396
v 1.279 -4.058 9.457
v 1.154 -4.158 9.449
v 1.224 -4.058 9.520
v 1.100 -4.158 9.496
v 1.161 -4.058 9.575
v 1.042 -4.158 9.535
v 1.092 -4.058 9.622
v 0.978 -4.158 9.566
v 1.017 -4.058 9.659
v 0.911 -4.158 9.589
v 0.937 -4.058 9.686
v 0.842 -4.158 9.603
v 0.855 -4.058 9.702
v 0.772 -4.158 9.608
v 0.772 -4.058 9.708
v -1.998 -4.158 9.608
v -1.998 -4.058 9.708
v -2.069 -4.158 9.603
v -2.082 -4.058 9.702
v -2.138 -4.158 9.589
v -2.164 -4.058 9.686
v -2.205 -4.158 9.566
v -2.243 -4.058 9.659
v -2.268 -4.158 9.535
v -2.318 -4.058 9.622
v -2.327 -4.158 9.496
v -2.388 -4.058 9.575
v -2.380 -4.158 9.449
v -2.451 -4.058 9.520
v -2.427 -4.158 9.396
v -2.506 -4.058 9.457
v -2.466 -4.158 9.338
v -2.553 -4.058 9.388
v -2.497 -4.158 9.274
v -2.590 -4.058 9.313
v -2.520 -4.158 9.207
v -2.616 -4.058 9.233
v -2.534 -4.158 9.138
v -2.633 -4.058 9.151
v -2.538 -4.158 9.068
v -2.638 -4.058 9.068
v -2.534 -4.158 8.997
v -2.633 -4.058 8.984
v -2.520 -4.158 8.928
v -2.616 -4.058 8.902
v -2.497 -4.158 8.861
v -2.590 -4.058 8.823
v -2.466 -4.158 8.798
v -2.553 -4.058 8.748
v -2.427 -4.158 8.739
v -2.506 -4.058 8.678
v -2.380 -4.158 8.686
v -2.451 -4.058 8.615
v -2.327 -4.158 8.639
v -2.388 -4.058 8.560
v -2.268 -4.158 8.600
v -2.318 -4.058 8.513
v -2.205 -4.158 8.569
v -2.243 -4.058 8.476
v -2.138 -4.158 8.546
v -2.164 -4.058 8.449
v -2.069 -4.158 8.532
v -2.082 -4.058 8.433
v -1.998 -4.158 8.528
v -1.998 -4.058 8.428
v 0.855 -3.998 8.433
v 0.772 -3.998 8.428
v 0.937 -3.998 8.449
v 1.017 -3.998 8.476
v 1.092 -3.998 8.513
v 1.161 -3.998 8.560
v 1.224 -3.998 8.615
v 1.279 -3.998 8.678
v 1.326 -3.998 8.748
v 1.363 -3.998 8.823
v 1.390 -3.998 8.902
v 1.406 -3.998 8.984
v 1.412 -3.998 9.068
v 1.406 -3.998 9.151
v 1.390 -3.998 9.233
v 1.363 -3.998 9.313
v 1.326 -3.998 9.388
v 1.279 -3.998 9.457
v 1.224 -3.998 9.520
v 1.161 -3.998 9.575
v 1.092 -3.998 9.622
v 1.017 -3.998 9.659
v 0.937 -3.998 9.686
v 0.855 -3.998 9.702
v 0.772 -3.998 9.708
v -1.998 -3.998 9.708
v -2.082 -3.998 9.702
v -2.164 -3.998 9.686
v -2.243 -3.998 9.659
v -2.318 -3.998 9.622
v -2.388 -3.998 9.575
v -2.451 -3.998 9.520
v -2.506 -3.998 9.457
v -2.553 -3.998 9.388
v -2.590 -3.998 9.313
v -2.616 -3.998 9.233
v -2.633 -3.998 9.151
v -2.638 -3.998 9.068
v -2.633 -3.998 8.984
v -2.616 -3.998 8.902
v -2.590 -3.998 8.823
v -2.553 -3.998 8.748
v -2.506 -3.998 8.678
v -2.451 -3.998 8.615
v -2.388 -3.998 8.560
v -2.318 -3.998 8.513
v -2.243 -3.998 8.476
v -2.164 -3.998 8.449
v -2.082 -3.998 8.433
v -1.998 -3.998 8.428
v 0.842 -3.898 8.532
v 0.772 -3.898 8.528
v 0.911 -3.898 8.546
v 0.978 -3.898 8.569
v 1.042 -3.898 8.600
v 1.100 -3.898 8.639
v 1.154 -3.898 8.686
v 1.200 -3.898 8.739
v 1.239 -3.898 8.798
v 1.271 -3.898 8.861
v 1.293 -3.898 8.928
v 1.307 -3.898 8.997
v 1.312 -3.898 9.068
v 1.307 -3.898 9.138
v 1.293 -3.898 9.207
v 1.271 -3.898 9.274
v 1.239 -3.898 9.338
v 1.200 -3.898 9.396
v 1.154 -3.898 9.449
v 1.100 -3.898 9.496
v 1.042 -3.898 9.535
v 0.978 -3.898 9.566
v 0.911 -3.898 9.589
v 0.842 -3.898 9.603
v 0.772 -3.898 9.608
v -1.998 -3.898 9.608
v -2.069 -3.898 9.603
v -2.138 -3.898 9.589
v -2.205 -3.898 9.566
v -2.268 -3.898 9.535
v -2.327 -3.898 9.496
v -2.380 -3.898 9.449
v -2.427 -3.898 9.396
v -2.466 -3.898 9.338
v -2.497 -3.898 9.274
v -2.520 -3.898 9.207
v -2.534 -3.898 9.138
v -2.538 -3.898 9.068
v -2.534 -3.898 8.997
v -2.520 -3.898 8.928
v -2.497 -3.898 8.861
v -2.466 -3.898 8.798
v -2.427 -3.898 8.739
v -2.380 -3.898 8.686
v -2.327 -3.898 8.639
v -2.268 -3.898 8.600
v -2.205 -3.898 8.569
v -2.138 -3.898 8.546
v -2.069 -3.898 8.532
v -1.998 -3.898 8.528
v -0.613 -3.898 9.068
v 2.723 6.737 0.189
v 2.723 7.140 0.189
v 4.286 7.140 0.925
v 4.286 6.737 0.925
v 3.853 5.464 -0.182
v 3.809 5.459 -0.188
v 3.625 6.784 0.202
v 3.669 6.788 0.208
v 3.771 5.448 -0.169
v 3.587 6.773 0.222
v 3.753 5.434 -0.130
v 3.569 6.759 0.260
v 3.762 5.423 -0.088
v 3.578 6.748 0.302
v 3.795 5.419 -0.058
v 3.611 6.744 0.332
v 3.839 5.423 -0.052
v 3.655 6.748 0.339
v 3.877 5.434 -0.072
v 3.693 6.759 0.319
v 3.895 5.448 -0.110
v 3.711 6.773 0.280
v 3.886 5.459 -0.152
v 3.702 6.784 0.238
v 3.824 5.441 -0.120
v 3.640 6.766 0.270
v 2.969 6.737 -0.332
v 4.532 6.737 0.404
v 4.532 7.140 0.404
v 2.969 7.140 -0.332
v 3.147 6.674 -0.169
v 4.293 6.674 0.371
v 4.293 6.726 0.371
v 3.147 6.726 -0.169
v 2.962 6.674 0.222
v 2.962 6.726 0.222
v 4.109 6.726 0.762
v 4.109 6.674 0.762
# 1523 vertices

vn -0.605 0.000 -0.796
vn -0.309 0.286 -0.907
vn -0.804 0.230 -0.548
vn -0.806 0.257 -0.533
vn -0.994 0.111 0.026
vn -0.990 0.136 0.044
vn -0.806 -0.057 0.589
vn -0.799 -0.030 0.601
vn -0.311 -0.208 0.927
vn -0.307 -0.179 0.935
vn 0.303 -0.286 0.909
vn 0.309 -0.257 0.916
vn 0.800 -0.259 0.541
vn 0.808 -0.229 0.543
vn 0.990 -0.139 -0.034
vn 0.993 -0.108 -0.035
vn 0.801 0.028 -0.598
vn 0.802 0.058 -0.594
vn 0.305 0.179 -0.935
vn 0.308 0.209 -0.928
vn -0.308 0.257 -0.916
vn 0.000 -0.951 -0.310
vn 0.188 0.951 0.247
vn 0.605 0.000 0.796
vn 0.000 1.000 0.000
vn -0.796 0.000 0.605
vn 0.000 -1.000 0.000
vn 0.796 0.000 -0.605
vn -0.913 0.000 -0.408
vn -0.988 0.000 -0.157
vn -0.776 0.000 -0.630
vn -0.995 0.000 0.104
vn -0.587 0.000 -0.810
vn 0.810 0.000 -0.587
vn 0.934 0.000 -0.357
vn 0.995 0.000 -0.103
vn 0.988 0.000 0.157
vn 0.913 0.000 0.408
vn 0.776 0.000 0.630
vn 0.587 0.000 0.810
vn 0.357 0.000 0.934
vn 0.103 0.000 0.995
vn -0.157 0.000 0.988
vn -0.408 0.000 0.913
vn -0.630 0.000 0.777
vn -0.678 0.000 0.735
vn -0.572 0.000 0.820
vn -0.456 0.000 0.890
vn -0.332 0.000 0.943
vn -0.202 0.000 0.979
vn -0.068 0.000 0.998
vn 0.068 0.000 0.998
vn 0.202 0.000 0.979
vn 0.332 0.000 0.943
vn 0.456 0.000 0.890
vn 0.572 0.000 0.820
vn 0.678 0.000 0.735
vn 0.630 0.000 0.776
vn 0.408 0.000 0.913
vn 0.157 0.000 0.988
vn -0.103 0.000 0.995
vn -0.357 0.000 0.934
vn -0.587 0.000 0.810
vn -0.777 0.000 0.630
vn -0.913 0.000 0.408
vn -0.988 0.000 0.157
vn -0.995 0.000 -0.103
vn -0.934 0.000 -0.357
vn -0.810 0.000 -0.587
vn 0.587 0.000 -0.810
vn 0.810 0.000 0.587
vn 0.934 0.000 0.357
vn 0.995 0.000 0.103
vn 0.988 0.000 -0.157
vn 0.913 0.000 -0.408
vn 0.777 0.000 -0.630
vn 0.357 0.000 -0.934
vn 0.104 0.000 -0.995
vn -0.157 0.000 -0.988
vn -0.408 0.000 -0.913
vn -0.630 0.000 -0.776
vn -0.678 0.000 -0.735
vn -0.572 0.000 -0.820
vn -0.456 0.000 -0.890
vn -0.332 0.000 -0.943
vn -0.202 0.000 -0.979
vn -0.068 0.000 -0.998
vn 0.068 0.000 -0.998
vn 0.202 0.000 -0.979
vn 0.332 0.000 -0.943
vn 0.456 0.000 -0.890
vn 0.572 0.000 -0.820
vn 0.678 0.000 -0.735
vn 0.630 0.000 -0.777
vn 0.408 0.000 -0.913
vn 0.157 0.000 -0.988
vn -0.104 0.000 -0.995
vn -0.357 0.000 -0.934
vn -0.934 0.000 0.357
vn -0.810 0.000 0.587
vn -0.395 0.000 0.919
vn 0.919 0.000 0.395
vn -0.919 0.000 -0.395
vn 0.395 0.000 -0.919
vn 0.688 0.000 0.726
vn 0.673 -0.377 -0.637
vn -0.673 0.377 0.637
vn -0.688 0.000 -0.726
vn -0.673 -0.377 0.637
vn 0.673 0.377 -0.637
vn 0.211 0.000 -0.977
vn -0.207 0.000 0.978
vn -0.211 0.000 0.977
vn 0.207 0.000 -0.978
vn 0.845 0.000 -0.535
vn -0.847 0.000 0.531
vn -0.845 0.000 0.535
vn 0.847 0.000 -0.531
vn -0.192 0.000 -0.981
vn -1.000 0.000 0.000
vn 0.197 0.000 0.980
vn 0.192 0.000 0.981
vn 1.000 0.000 0.000
vn -0.197 0.000 -0.980
vn 0.565 0.000 -0.825
vn -0.568 0.000 0.823
vn -0.565 0.000 0.825
vn 0.568 0.000 -0.823
vn 0.919 0.000 -0.395
vn -0.845 0.000 -0.535
vn -0.688 0.000 0.726
vn 0.847 0.000 0.531
vn -0.919 0.000 0.395
vn 0.845 0.000 0.535
vn 0.688 0.000 -0.726
vn -0.847 0.000 -0.531
vn -0.211 0.000 -0.977
vn 0.207 0.000 0.978
vn 0.211 0.000 0.977
vn -0.207 0.000 -0.978
vn 0.366 -0.377 -0.851
vn -0.366 0.377 0.851
vn -0.366 -0.377 0.851
vn 0.366 0.377 -0.851
vn 0.395 0.000 0.919
vn -0.395 0.000 -0.919
vn -0.726 0.000 -0.688
vn 0.726 0.000 0.688
vn 0.000 0.000 1.000
vn 0.000 0.000 -1.000
vn -0.565 0.000 -0.825
vn 0.568 0.000 0.823
vn 0.565 0.000 0.825
vn -0.568 0.000 -0.823
vn 0.192 0.000 -0.981
vn -0.197 0.000 0.980
vn -0.192 0.000 0.981
vn 0.197 0.000 -0.980
vn -0.673 -0.377 -0.637
vn 0.673 0.377 0.637
vn 0.673 -0.377 0.637
vn -0.673 0.377 -0.637
vn 0.000 -0.377 -0.926
vn 0.000 0.377 0.926
vn 0.000 -0.377 0.926
vn 0.000 0.377 -0.926
vn 0.726 0.000 -0.688
vn -0.726 0.000 0.688
vn -0.366 -0.377 -0.851
vn 0.366 0.377 0.851
vn 0.366 -0.377 0.851
vn -0.366 0.377 -0.851
vn 0.046 -0.706 -0.706
vn 0.138 -0.706 -0.694
vn 0.228 -0.706 -0.670
vn 0.313 -0.706 -0.635
vn 0.393 -0.706 -0.589
vn 0.467 -0.706 -0.532
vn 0.532 -0.706 -0.467
vn 0.589 -0.706 -0.393
vn 0.635 -0.706 -0.313
vn 0.670 -0.706 -0.228
vn 0.694 -0.706 -0.138
vn 0.706 -0.706 -0.046
vn 0.706 -0.706 0.046
vn 0.694 -0.706 0.138
vn 0.670 -0.706 0.228
vn 0.635 -0.706 0.313
vn 0.589 -0.706 0.393
vn 0.532 -0.706 0.467
vn 0.467 -0.706 0.532
vn 0.393 -0.706 0.589
vn 0.313 -0.706 0.635
vn 0.228 -0.706 0.670
vn 0.138 -0.706 0.694
vn 0.046 -0.706 0.706
vn 0.000 -0.707 0.707
vn -0.046 -0.706 0.706
vn -0.138 -0.706 0.694
vn -0.228 -0.706 0.670
vn -0.313 -0.706 0.635
vn -0.393 -0.706 0.589
vn -0.467 -0.706 0.532
vn -0.532 -0.706 0.467
vn -0.589 -0.706 0.393
vn -0.635 -0.706 0.313
vn -0.670 -0.706 0.228
vn -0.694 -0.706 0.138
vn -0.706 -0.706 0.046
vn -0.706 -0.706 -0.046
vn -0.694 -0.706 -0.138
vn -0.670 -0.706 -0.228
vn -0.635 -0.706 -0.313
vn -0.589 -0.706 -0.393
vn -0.532 -0.706 -0.467
vn -0.467 -0.706 -0.532
vn -0.393 -0.706 -0.589
vn -0.313 -0.706 -0.635
vn -0.228 -0.706 -0.670
vn -0.138 -0.706 -0.694
vn -0.046 -0.706 -0.706
vn 0.000 -0.707 -0.707
vn 0.065 0.000 -0.998
vn 0.195 0.000 -0.981
vn 0.321 0.000 -0.947
vn 0.442 0.000 -0.897
vn 0.556 0.000 -0.831
vn 0.659 0.000 -0.752
vn 0.752 0.000 -0.659
vn 0.831 0.000 -0.556
vn 0.897 0.000 -0.442
vn 0.947 0.000 -0.321
vn 0.981 0.000 -0.195
vn 0.998 0.000 -0.065
vn 0.998 0.000 0.065
vn 0.981 0.000 0.195
vn 0.947 0.000 0.321
vn 0.897 0.000 0.442
vn 0.831 0.000 0.556
vn 0.752 0.000 0.659
vn 0.659 0.000 0.752
vn 0.556 0.000 0.831
vn 0.442 0.000 0.897
vn 0.321 0.000 0.947
vn 0.195 0.000 0.981
vn 0.065 0.000 0.998
vn -0.065 0.000 0.998
vn -0.195 0.000 0.981
vn -0.321 0.000 0.947
vn -0.442 0.000 0.897
vn -0.556 0.000 0.831
vn -0.659 0.000 0.752
vn -0.752 0.000 0.659
vn -0.831 0.000 0.556
vn -0.897 0.000 0.442
vn -0.947 0.000 0.321
vn -0.981 0.000 0.195
vn -0.998 0.000 0.065
vn -0.998 0.000 -0.065
vn -0.981 0.000 -0.195
vn -0.947 0.000 -0.321
vn -0.897 0.000 -0.442
vn -0.831 0.000 -0.556
vn -0.752 0.000 -0.659
vn -0.659 0.000 -0.752
vn -0.556 0.000 -0.831
vn -0.442 0.000 -0.897
vn -0.321 0.000 -0.947
vn -0.195 0.000 -0.981
vn -0.065 0.000 -0.998
vn 0.046 0.706 -0.706
vn 0.138 0.706 -0.694
vn 0.228 0.706 -0.670
vn 0.313 0.706 -0.635
vn 0.393 0.706 -0.589
vn 0.467 0.706 -0.532
vn 0.532 0.706 -0.467
vn 0.589 0.706 -0.393
vn 0.635 0.706 -0.313
vn 0.670 0.706 -0.228
vn 0.694 0.706 -0.138
vn 0.706 0.706 -0.046
vn 0.706 0.706 0.046
vn 0.694 0.706 0.138
vn 0.670 0.706 0.228
vn 0.635 0.706 0.313
vn 0.589 0.706 0.393
vn 0.532 0.706 0.467
vn 0.467 0.706 0.532
vn 0.393 0.706 0.589
vn 0.313 0.706 0.635
vn 0.228 0.706 0.670
vn 0.138 0.706 0.694
vn 0.046 0.706 0.706
vn 0.000 0.707 0.707
vn -0.046 0.706 0.706
vn -0.138 0.706 0.694
vn -0.228 0.706 0.670
vn -0.313 0.706 0.635
vn -0.393 0.706 0.589
vn -0.467 0.706 0.532
vn -0.532 0.706 0.467
vn -0.589 0.706 0.393
vn -0.635 0.706 0.313
vn -0.670 0.706 0.228
vn -0.694 0.706 0.138
vn -0.706 0.706 0.046
vn -0.706 0.706 -0.046
vn -0.694 0.706 -0.138
vn -0.670 0.706 -0.228
vn -0.635 0.706 -0.313
vn -0.589 0.706 -0.393
vn -0.532 0.706 -0.467
vn -0.467 0.706 -0.532
vn -0.393 0.706 -0.589
vn -0.313 0.706 -0.635
vn -0.228 0.706 -0.670
vn -0.138 0.706 -0.694
vn -0.046 0.706 -0.706
vn 0.000 0.707 -0.707
vn 0.045 -0.726 -0.686
vn 0.077 -0.707 -0.703
vn 0.081 -0.729 0.680
vn 0.000 -0.731 0.682
vn -0.045 -0.730 0.682
vn -0.084 -0.707 0.702
vn -0.075 -0.725 -0.685
vn 0.000 -0.727 -0.687
vn 0.109 0.000 -0.994
vn 0.119 0.000 0.993
vn -0.119 0.000 0.993
vn -0.109 0.000 -0.994
vn 0.075 0.725 -0.685
vn 0.084 0.707 0.702
vn 0.045 0.730 0.682
vn 0.000 0.731 0.682
vn -0.081 0.729 0.680
vn -0.077 0.707 -0.703
vn -0.045 0.726 -0.686
vn 0.000 0.727 -0.687
vn 0.426 0.000 -0.905
vn 0.106 0.295 -0.950
vn -0.493 0.182 -0.851
vn -0.905 0.000 -0.426
vn -0.970 -0.182 0.161
vn -0.665 -0.295 0.686
vn -0.106 -0.295 0.950
vn 0.493 -0.182 0.851
vn 0.905 0.000 0.426
vn 0.970 0.182 -0.161
vn 0.665 0.295 -0.686
vn 0.132 -0.951 -0.280
vn -0.132 0.951 0.280
vn -0.426 0.000 0.905
# 354 vertex normals

vt 0.0000 0.0000
# 1 texture coordinate

g CityEngineShapeMaterial
s off
usemtl CityEngineShapeMaterial
f 1/1/1 2/1/1 3/1/1
f 1/1/1 3/1/1 4/1/1
f 5/1/2 6/1/2 7/1/2
f 5/1/3 7/1/3 8/1/3
f 6/1/4 9/1/4 10/1/4
f 6/1/5 10/1/5 7/1/5
f 9/1/6 11/1/6 12/1/6
f 9/1/7 12/1/7 10/1/7
f 11/1/8 13/1/8 14/1/8
f 11/1/9 14/1/9 12/1/9
f 13/1/10 15/1/10 16/1/10
f 13/1/11 16/1/11 14/1/11
f 15/1/12 17/1/12 18/1/12
f 15/1/13 18/1/13 16/1/13
f 17/1/14 19/1/14 20/1/14
f 17/1/15 20/1/15 18/1/15
f 19/1/16 21/1/16 22/1/16
f 19/1/17 22/1/17 20/1/17
f 21/1/18 23/1/18 24/1/18
f 21/1/19 24/1/19 22/1/19
f 23/1/20 5/1/20 8/1/20
f 23/1/21 8/1/21 24/1/21
f 25/1/22 6/1/22 5/1/22
f 26/1/23 8/1/23 7/1/23
f 25/1/22 9/1/22 6/1/22
f 26/1/23 7/1/23 10/1/23
f 25/1/22 11/1/22 9/1/22
f 26/1/23 10/1/23 12/1/23
f 25/1/22 13/1/22 11/1/22
f 26/1/23 12/1/23 14/1/23
f 25/1/22 15/1/22 13/1/22
f 26/1/23 14/1/23 16/1/23
f 25/1/22 17/1/22 15/1/22
f 26/1/23 16/1/23 18/1/23
f 25/1/22 19/1/22 17/1/22
f 26/1/23 18/1/23 20/1/23
f 25/1/22 21/1/22 19/1/22
f 26/1/23 20/1/23 22/1/23
f 25/1/22 23/1/22 21/1/22
f 26/1/23 22/1/23 24/1/23
f 25/1/22 5/1/22 23/1/22
f 26/1/23 24/1/23 8/1/23
f 27/1/24 28/1/24 29/1/24
f 27/1/24 29/1/24 30/1/24
f 27/1/25 1/1/25 4/1/25
f 27/1/25 4/1/25 28/1/25
f 28/1/26 4/1/26 3/1/26
f 28/1/26 3/1/26 29/1/26
f 29/1/27 3/1/27 2/1/27
f 29/1/27 2/1/27 30/1/27
f 30/1/28 2/1/28 1/1/28
f 30/1/28 1/1/28 27/1/28
f 31/1/24 32/1/24 33/1/24
f 31/1/24 33/1/24 34/1/24
f 35/1/1 36/1/1 37/1/1
f 35/1/1 37/1/1 38/1/1
f 31/1/25 35/1/25 38/1/25
f 31/1/25 38/1/25 32/1/25
f 32/1/26 38/1/26 37/1/26
f 32/1/26 37/1/26 33/1/26
f 33/1/27 37/1/27 36/1/27
f 33/1/27 36/1/27 34/1/27
f 34/1/28 36/1/28 35/1/28
f 34/1/28 35/1/28 31/1/28
f 39/1/27 40/1/27 41/1/27
f 40/1/27 39/1/27 42/1/27
f 43/1/27 42/1/27 39/1/27
f 42/1/27 43/1/27 44/1/27
f 42/1/27 45/1/27 40/1/27
f 45/1/27 42/1/27 46/1/27
f 44/1/27 46/1/27 42/1/27
f 46/1/27 44/1/27 47/1/27
f 42/1/25 39/1/25 40/1/25
f 41/1/25 40/1/25 39/1/25
f 44/1/25 43/1/25 42/1/25
f 39/1/25 42/1/25 43/1/25
f 46/1/25 42/1/25 45/1/25
f 40/1/25 45/1/25 42/1/25
f 47/1/25 44/1/25 46/1/25
f 42/1/25 46/1/25 44/1/25
f 48/1/25 49/1/25 50/1/25
f 49/1/25 48/1/25 51/1/25
f 51/1/27 48/1/27 49/1/27
f 50/1/27 49/1/27 48/1/27
f 52/1/25 53/1/25 54/1/25
f 53/1/25 52/1/25 55/1/25
f 55/1/27 52/1/27 53/1/27
f 54/1/27 53/1/27 52/1/27
f 56/1/29 57/1/29 58/1/29
f 57/1/29 56/1/29 59/1/29
f 60/1/30 59/1/30 56/1/30
f 59/1/30 60/1/30 61/1/30
f 62/1/27 63/1/27 64/1/27
f 63/1/27 62/1/27 65/1/27
f 65/1/27 62/1/27 66/1/27
f 66/1/27 62/1/27 67/1/27
f 66/1/27 67/1/27 68/1/27
f 68/1/27 67/1/27 69/1/27
f 68/1/27 69/1/27 70/1/27
f 71/1/27 72/1/27 73/1/27
f 72/1/27 71/1/27 74/1/27
f 72/1/27 74/1/27 75/1/27
f 75/1/27 74/1/27 76/1/27
f 75/1/27 76/1/27 61/1/27
f 61/1/27 76/1/27 77/1/27
f 77/1/27 76/1/27 78/1/27
f 63/1/27 79/1/27 80/1/27
f 79/1/27 63/1/27 65/1/27
f 80/1/27 79/1/27 81/1/27
f 80/1/27 81/1/27 82/1/27
f 82/1/27 81/1/27 83/1/27
f 82/1/27 83/1/27 84/1/27
f 84/1/27 83/1/27 85/1/27
f 84/1/27 85/1/27 86/1/27
f 86/1/27 85/1/27 87/1/27
f 86/1/27 87/1/27 88/1/27
f 88/1/27 87/1/27 89/1/27
f 88/1/27 89/1/27 90/1/27
f 88/1/27 90/1/27 91/1/27
f 91/1/27 90/1/27 92/1/27
f 91/1/27 92/1/27 93/1/27
f 93/1/27 92/1/27 94/1/27
f 93/1/27 94/1/27 95/1/27
f 95/1/27 94/1/27 96/1/27
f 95/1/27 96/1/27 97/1/27
f 97/1/27 96/1/27 98/1/27
f 97/1/27 98/1/27 99/1/27
f 99/1/27 98/1/27 100/1/27
f 99/1/27 100/1/27 101/1/27
f 101/1/27 100/1/27 102/1/27
f 101/1/27 102/1/27 103/1/27
f 103/1/27 102/1/27 104/1/27
f 103/1/27 104/1/27 105/1/27
f 105/1/27 104/1/27 46/1/27
f 105/1/27 46/1/27 106/1/27
f 106/1/27 46/1/27 107/1/27
f 106/1/27 107/1/27 108/1/27
f 108/1/27 107/1/27 109/1/27
f 109/1/27 107/1/27 110/1/27
f 109/1/27 110/1/27 111/1/27
f 111/1/27 110/1/27 112/1/27
f 111/1/27 112/1/27 113/1/27
f 113/1/27 112/1/27 114/1/27
f 113/1/27 114/1/27 115/1/27
f 115/1/27 114/1/27 116/1/27
f 115/1/27 116/1/27 117/1/27
f 117/1/27 116/1/27 118/1/27
f 117/1/27 118/1/27 119/1/27
f 119/1/27 118/1/27 120/1/27
f 119/1/27 120/1/27 121/1/27
f 121/1/27 120/1/27 122/1/27
f 121/1/27 122/1/27 123/1/27
f 123/1/27 122/1/27 124/1/27
f 123/1/27 124/1/27 125/1/27
f 125/1/27 124/1/27 126/1/27
f 125/1/27 126/1/27 127/1/27
f 125/1/27 127/1/27 128/1/27
f 128/1/27 127/1/27 129/1/27
f 128/1/27 129/1/27 130/1/27
f 130/1/27 129/1/27 57/1/27
f 130/1/27 57/1/27 131/1/27
f 131/1/27 57/1/27 59/1/27
f 131/1/27 59/1/27 77/1/27
f 77/1/27 59/1/27 61/1/27
f 58/1/31 129/1/31 132/1/31
f 129/1/31 58/1/31 57/1/31
f 133/1/25 134/1/25 135/1/25
f 134/1/25 133/1/25 136/1/25
f 134/1/25 136/1/25 137/1/25
f 137/1/25 136/1/25 138/1/25
f 137/1/25 138/1/25 139/1/25
f 139/1/25 138/1/25 140/1/25
f 139/1/25 140/1/25 141/1/25
f 141/1/25 140/1/25 142/1/25
f 141/1/25 142/1/25 143/1/25
f 143/1/25 142/1/25 144/1/25
f 143/1/25 144/1/25 145/1/25
f 145/1/25 144/1/25 146/1/25
f 146/1/25 144/1/25 147/1/25
f 146/1/25 147/1/25 148/1/25
f 148/1/25 147/1/25 149/1/25
f 148/1/25 149/1/25 150/1/25
f 150/1/25 149/1/25 151/1/25
f 150/1/25 151/1/25 152/1/25
f 152/1/25 151/1/25 153/1/25
f 152/1/25 153/1/25 154/1/25
f 154/1/25 153/1/25 155/1/25
f 154/1/25 155/1/25 156/1/25
f 156/1/25 155/1/25 157/1/25
f 156/1/25 157/1/25 158/1/25
f 158/1/25 157/1/25 159/1/25
f 158/1/25 159/1/25 160/1/25
f 160/1/25 159/1/25 161/1/25
f 160/1/25 161/1/25 162/1/25
f 162/1/25 161/1/25 163/1/25
f 162/1/25 163/1/25 164/1/25
f 162/1/25 164/1/25 165/1/25
f 165/1/25 164/1/25 166/1/25
f 165/1/25 166/1/25 167/1/25
f 167/1/25 166/1/25 168/1/25
f 167/1/25 168/1/25 169/1/25
f 169/1/25 168/1/25 170/1/25
f 169/1/25 170/1/25 171/1/25
f 171/1/25 170/1/25 172/1/25
f 171/1/25 172/1/25 173/1/25
f 173/1/25 172/1/25 174/1/25
f 173/1/25 174/1/25 175/1/25
f 175/1/25 174/1/25 176/1/25
f 175/1/25 176/1/25 177/1/25
f 177/1/25 176/1/25 178/1/25
f 177/1/25 178/1/25 179/1/25
f 179/1/25 178/1/25 180/1/25
f 179/1/25 180/1/25 181/1/25
f 181/1/25 180/1/25 182/1/25
f 181/1/25 182/1/25 183/1/25
f 183/1/25 182/1/25 184/1/25
f 184/1/25 182/1/25 185/1/25
f 184/1/25 185/1/25 132/1/25
f 132/1/25 185/1/25 186/1/25
f 132/1/25 186/1/25 58/1/25
f 58/1/25 186/1/25 187/1/25
f 58/1/25 187/1/25 56/1/25
f 56/1/25 187/1/25 188/1/25
f 56/1/25 188/1/25 60/1/25
f 189/1/25 190/1/25 191/1/25
f 190/1/25 189/1/25 192/1/25
f 192/1/25 189/1/25 193/1/25
f 192/1/25 193/1/25 194/1/25
f 194/1/25 193/1/25 60/1/25
f 194/1/25 60/1/25 188/1/25
f 194/1/25 188/1/25 195/1/25
f 133/1/25 196/1/25 197/1/25
f 196/1/25 133/1/25 135/1/25
f 196/1/25 135/1/25 198/1/25
f 196/1/25 198/1/25 199/1/25
f 199/1/25 198/1/25 200/1/25
f 199/1/25 200/1/25 201/1/25
f 201/1/25 200/1/25 202/1/25
f 193/1/32 61/1/32 60/1/32
f 61/1/32 193/1/32 75/1/32
f 191/1/33 71/1/33 73/1/33
f 71/1/33 191/1/33 190/1/33
f 71/1/34 192/1/34 74/1/34
f 192/1/34 71/1/34 190/1/34
f 74/1/35 194/1/35 76/1/35
f 194/1/35 74/1/35 192/1/35
f 76/1/36 195/1/36 78/1/36
f 195/1/36 76/1/36 194/1/36
f 78/1/37 188/1/37 77/1/37
f 188/1/37 78/1/37 195/1/37
f 77/1/38 187/1/38 131/1/38
f 187/1/38 77/1/38 188/1/38
f 131/1/39 186/1/39 130/1/39
f 186/1/39 131/1/39 187/1/39
f 186/1/40 128/1/40 130/1/40
f 128/1/40 186/1/40 185/1/40
f 185/1/41 125/1/41 128/1/41
f 125/1/41 185/1/41 182/1/41
f 182/1/42 123/1/42 125/1/42
f 123/1/42 182/1/42 180/1/42
f 180/1/43 121/1/43 123/1/43
f 121/1/43 180/1/43 178/1/43
f 178/1/44 119/1/44 121/1/44
f 119/1/44 178/1/44 176/1/44
f 176/1/45 117/1/45 119/1/45
f 117/1/45 176/1/45 174/1/45
f 174/1/46 115/1/46 117/1/46
f 115/1/46 174/1/46 172/1/46
f 172/1/47 113/1/47 115/1/47
f 113/1/47 172/1/47 170/1/47
f 170/1/48 111/1/48 113/1/48
f 111/1/48 170/1/48 168/1/48
f 168/1/49 109/1/49 111/1/49
f 109/1/49 168/1/49 166/1/49
f 166/1/50 108/1/50 109/1/50
f 108/1/50 166/1/50 164/1/50
f 164/1/51 106/1/51 108/1/51
f 106/1/51 164/1/51 163/1/51
f 163/1/52 105/1/52 106/1/52
f 105/1/52 163/1/52 161/1/52
f 161/1/53 103/1/53 105/1/53
f 103/1/53 161/1/53 159/1/53
f 159/1/54 101/1/54 103/1/54
f 101/1/54 159/1/54 157/1/54
f 157/1/55 99/1/55 101/1/55
f 99/1/55 157/1/55 155/1/55
f 155/1/56 97/1/56 99/1/56
f 97/1/56 155/1/56 153/1/56
f 153/1/57 95/1/57 97/1/57
f 95/1/57 153/1/57 151/1/57
f 151/1/58 93/1/58 95/1/58
f 93/1/58 151/1/58 149/1/58
f 149/1/59 91/1/59 93/1/59
f 91/1/59 149/1/59 147/1/59
f 147/1/60 88/1/60 91/1/60
f 88/1/60 147/1/60 144/1/60
f 144/1/61 86/1/61 88/1/61
f 86/1/61 144/1/61 142/1/61
f 142/1/62 84/1/62 86/1/62
f 84/1/62 142/1/62 140/1/62
f 140/1/63 82/1/63 84/1/63
f 82/1/63 140/1/63 138/1/63
f 136/1/64 82/1/64 138/1/64
f 82/1/64 136/1/64 80/1/64
f 133/1/65 80/1/65 136/1/65
f 80/1/65 133/1/65 63/1/65
f 197/1/66 63/1/66 133/1/66
f 63/1/66 197/1/66 64/1/66
f 196/1/67 64/1/67 197/1/67
f 64/1/67 196/1/67 62/1/67
f 199/1/68 62/1/68 196/1/68
f 62/1/68 199/1/68 67/1/68
f 201/1/69 67/1/69 199/1/69
f 67/1/69 201/1/69 69/1/69
f 201/1/70 70/1/70 69/1/70
f 70/1/70 201/1/70 202/1/70
f 70/1/71 200/1/71 68/1/71
f 200/1/71 70/1/71 202/1/71
f 68/1/72 198/1/72 66/1/72
f 198/1/72 68/1/72 200/1/72
f 66/1/73 135/1/73 65/1/73
f 135/1/73 66/1/73 198/1/73
f 65/1/74 134/1/74 79/1/74
f 134/1/74 65/1/74 135/1/74
f 79/1/75 137/1/75 81/1/75
f 137/1/75 79/1/75 134/1/75
f 81/1/76 139/1/76 83/1/76
f 139/1/76 81/1/76 137/1/76
f 139/1/70 85/1/70 83/1/70
f 85/1/70 139/1/70 141/1/70
f 141/1/77 87/1/77 85/1/77
f 87/1/77 141/1/77 143/1/77
f 143/1/78 89/1/78 87/1/78
f 89/1/78 143/1/78 145/1/78
f 145/1/79 90/1/79 89/1/79
f 90/1/79 145/1/79 146/1/79
f 146/1/80 92/1/80 90/1/80
f 92/1/80 146/1/80 148/1/80
f 148/1/81 94/1/81 92/1/81
f 94/1/81 148/1/81 150/1/81
f 150/1/82 96/1/82 94/1/82
f 96/1/82 150/1/82 152/1/82
f 152/1/83 98/1/83 96/1/83
f 98/1/83 152/1/83 154/1/83
f 154/1/84 100/1/84 98/1/84
f 100/1/84 154/1/84 156/1/84
f 156/1/85 102/1/85 100/1/85
f 102/1/85 156/1/85 158/1/85
f 158/1/86 104/1/86 102/1/86
f 104/1/86 158/1/86 160/1/86
f 160/1/87 46/1/87 104/1/87
f 46/1/87 160/1/87 162/1/87
f 162/1/88 107/1/88 46/1/88
f 107/1/88 162/1/88 165/1/88
f 165/1/89 110/1/89 107/1/89
f 110/1/89 165/1/89 167/1/89
f 167/1/90 112/1/90 110/1/90
f 112/1/90 167/1/90 169/1/90
f 169/1/91 114/1/91 112/1/91
f 114/1/91 169/1/91 171/1/91
f 171/1/92 116/1/92 114/1/92
f 116/1/92 171/1/92 173/1/92
f 173/1/93 118/1/93 116/1/93
f 118/1/93 173/1/93 175/1/93
f 175/1/94 120/1/94 118/1/94
f 120/1/94 175/1/94 177/1/94
f 177/1/95 122/1/95 120/1/95
f 122/1/95 177/1/95 179/1/95
f 179/1/96 124/1/96 122/1/96
f 124/1/96 179/1/96 181/1/96
f 181/1/97 126/1/97 124/1/97
f 126/1/97 181/1/97 183/1/97
f 183/1/98 127/1/98 126/1/98
f 127/1/98 183/1/98 184/1/98
f 184/1/33 129/1/33 127/1/33
f 129/1/33 184/1/33 132/1/33
f 189/1/99 75/1/99 193/1/99
f 75/1/99 189/1/99 72/1/99
f 191/1/100 72/1/100 189/1/100
f 72/1/100 191/1/100 73/1/100
f 59/1/38 56/1/38 57/1/38
f 58/1/38 57/1/38 56/1/38
f 61/1/37 60/1/37 59/1/37
f 56/1/37 59/1/37 60/1/37
f 61/1/25 59/1/25 77/1/25
f 77/1/25 59/1/25 131/1/25
f 59/1/25 57/1/25 131/1/25
f 131/1/25 57/1/25 130/1/25
f 57/1/25 129/1/25 130/1/25
f 130/1/25 129/1/25 128/1/25
f 129/1/25 127/1/25 128/1/25
f 128/1/25 127/1/25 125/1/25
f 127/1/25 126/1/25 125/1/25
f 126/1/25 124/1/25 125/1/25
f 125/1/25 124/1/25 123/1/25
f 124/1/25 122/1/25 123/1/25
f 123/1/25 122/1/25 121/1/25
f 122/1/25 120/1/25 121/1/25
f 121/1/25 120/1/25 119/1/25
f 120/1/25 118/1/25 119/1/25
f 119/1/25 118/1/25 117/1/25
f 118/1/25 116/1/25 117/1/25
f 117/1/25 116/1/25 115/1/25
f 116/1/25 114/1/25 115/1/25
f 115/1/25 114/1/25 113/1/25
f 114/1/25 112/1/25 113/1/25
f 113/1/25 112/1/25 111/1/25
f 112/1/25 110/1/25 111/1/25
f 111/1/25 110/1/25 109/1/25
f 110/1/25 107/1/25 109/1/25
f 109/1/25 107/1/25 108/1/25
f 108/1/25 107/1/25 106/1/25
f 107/1/25 46/1/25 106/1/25
f 106/1/25 46/1/25 105/1/25
f 46/1/25 104/1/25 105/1/25
f 105/1/25 104/1/25 103/1/25
f 104/1/25 102/1/25 103/1/25
f 103/1/25 102/1/25 101/1/25
f 102/1/25 100/1/25 101/1/25
f 101/1/25 100/1/25 99/1/25
f 100/1/25 98/1/25 99/1/25
f 99/1/25 98/1/25 97/1/25
f 98/1/25 96/1/25 97/1/25
f 97/1/25 96/1/25 95/1/25
f 96/1/25 94/1/25 95/1/25
f 95/1/25 94/1/25 93/1/25
f 94/1/25 92/1/25 93/1/25
f 93/1/25 92/1/25 91/1/25
f 92/1/25 90/1/25 91/1/25
f 91/1/25 90/1/25 88/1/25
f 90/1/25 89/1/25 88/1/25
f 89/1/25 87/1/25 88/1/25
f 88/1/25 87/1/25 86/1/25
f 87/1/25 85/1/25 86/1/25
f 86/1/25 85/1/25 84/1/25
f 85/1/25 83/1/25 84/1/25
f 84/1/25 83/1/25 82/1/25
f 83/1/25 81/1/25 82/1/25
f 82/1/25 81/1/25 80/1/25
f 81/1/25 79/1/25 80/1/25
f 65/1/25 63/1/25 79/1/25
f 80/1/25 79/1/25 63/1/25
f 78/1/25 76/1/25 77/1/25
f 77/1/25 76/1/25 61/1/25
f 61/1/25 76/1/25 75/1/25
f 76/1/25 74/1/25 75/1/25
f 75/1/25 74/1/25 72/1/25
f 74/1/25 71/1/25 72/1/25
f 73/1/25 72/1/25 71/1/25
f 70/1/25 69/1/25 68/1/25
f 69/1/25 67/1/25 68/1/25
f 68/1/25 67/1/25 66/1/25
f 67/1/25 62/1/25 66/1/25
f 66/1/25 62/1/25 65/1/25
f 65/1/25 62/1/25 63/1/25
f 64/1/25 63/1/25 62/1/25
f 57/1/39 58/1/39 129/1/39
f 132/1/39 129/1/39 58/1/39
f 202/1/27 200/1/27 201/1/27
f 201/1/27 200/1/27 199/1/27
f 200/1/27 198/1/27 199/1/27
f 199/1/27 198/1/27 196/1/27
f 198/1/27 135/1/27 196/1/27
f 135/1/27 133/1/27 196/1/27
f 197/1/27 196/1/27 133/1/27
f 195/1/27 188/1/27 194/1/27
f 188/1/27 60/1/27 194/1/27
f 60/1/27 193/1/27 194/1/27
f 194/1/27 193/1/27 192/1/27
f 193/1/27 189/1/27 192/1/27
f 192/1/27 189/1/27 190/1/27
f 191/1/27 190/1/27 189/1/27
f 60/1/27 188/1/27 56/1/27
f 188/1/27 187/1/27 56/1/27
f 56/1/27 187/1/27 58/1/27
f 187/1/27 186/1/27 58/1/27
f 58/1/27 186/1/27 132/1/27
f 186/1/27 185/1/27 132/1/27
f 132/1/27 185/1/27 184/1/27
f 185/1/27 182/1/27 184/1/27
f 184/1/27 182/1/27 183/1/27
f 183/1/27 182/1/27 181/1/27
f 182/1/27 180/1/27 181/1/27
f 181/1/27 180/1/27 179/1/27
f 180/1/27 178/1/27 179/1/27
f 179/1/27 178/1/27 177/1/27
f 178/1/27 176/1/27 177/1/27
f 177/1/27 176/1/27 175/1/27
f 176/1/27 174/1/27 175/1/27
f 175/1/27 174/1/27 173/1/27
f 174/1/27 172/1/27 173/1/27
f 173/1/27 172/1/27 171/1/27
f 172/1/27 170/1/27 171/1/27
f 171/1/27 170/1/27 169/1/27
f 170/1/27 168/1/27 169/1/27
f 169/1/27 168/1/27 167/1/27
f 168/1/27 166/1/27 167/1/27
f 167/1/27 166/1/27 165/1/27
f 166/1/27 164/1/27 165/1/27
f 165/1/27 164/1/27 162/1/27
f 164/1/27 163/1/27 162/1/27
f 163/1/27 161/1/27 162/1/27
f 162/1/27 161/1/27 160/1/27
f 161/1/27 159/1/27 160/1/27
f 160/1/27 159/1/27 158/1/27
f 159/1/27 157/1/27 158/1/27
f 158/1/27 157/1/27 156/1/27
f 157/1/27 155/1/27 156/1/27
f 156/1/27 155/1/27 154/1/27
f 155/1/27 153/1/27 154/1/27
f 154/1/27 153/1/27 152/1/27
f 153/1/27 151/1/27 152/1/27
f 152/1/27 151/1/27 150/1/27
f 151/1/27 149/1/27 150/1/27
f 150/1/27 149/1/27 148/1/27
f 149/1/27 147/1/27 148/1/27
f 148/1/27 147/1/27 146/1/27
f 147/1/27 144/1/27 146/1/27
f 146/1/27 144/1/27 145/1/27
f 145/1/27 144/1/27 143/1/27
f 144/1/27 142/1/27 143/1/27
f 143/1/27 142/1/27 141/1/27
f 142/1/27 140/1/27 141/1/27
f 141/1/27 140/1/27 139/1/27
f 140/1/27 138/1/27 139/1/27
f 139/1/27 138/1/27 137/1/27
f 138/1/27 136/1/27 137/1/27
f 137/1/27 136/1/27 134/1/27
f 136/1/27 133/1/27 134/1/27
f 135/1/27 134/1/27 133/1/27
f 75/1/36 193/1/36 61/1/36
f 60/1/36 61/1/36 193/1/36
f 190/1/40 191/1/40 71/1/40
f 73/1/40 71/1/40 191/1/40
f 190/1/100 71/1/100 192/1/100
f 74/1/100 192/1/100 71/1/100
f 192/1/99 74/1/99 194/1/99
f 76/1/99 194/1/99 74/1/99
f 194/1/32 76/1/32 195/1/32
f 78/1/32 195/1/32 76/1/32
f 195/1/30 78/1/30 188/1/30
f 77/1/30 188/1/30 78/1/30
f 188/1/29 77/1/29 187/1/29
f 131/1/29 187/1/29 77/1/29
f 187/1/31 131/1/31 186/1/31
f 130/1/31 186/1/31 131/1/31
f 185/1/33 186/1/33 128/1/33
f 130/1/33 128/1/33 186/1/33
f 182/1/98 185/1/98 125/1/98
f 128/1/98 125/1/98 185/1/98
f 180/1/97 182/1/97 123/1/97
f 125/1/97 123/1/97 182/1/97
f 178/1/96 180/1/96 121/1/96
f 123/1/96 121/1/96 180/1/96
f 176/1/95 178/1/95 119/1/95
f 121/1/95 119/1/95 178/1/95
f 174/1/94 176/1/94 117/1/94
f 119/1/94 117/1/94 176/1/94
f 172/1/93 174/1/93 115/1/93
f 117/1/93 115/1/93 174/1/93
f 170/1/92 172/1/92 113/1/92
f 115/1/92 113/1/92 172/1/92
f 168/1/91 170/1/91 111/1/91
f 113/1/91 111/1/91 170/1/91
f 166/1/90 168/1/90 109/1/90
f 111/1/90 109/1/90 168/1/90
f 164/1/89 166/1/89 108/1/89
f 109/1/89 108/1/89 166/1/89
f 163/1/88 164/1/88 106/1/88
f 108/1/88 106/1/88 164/1/88
f 161/1/87 163/1/87 105/1/87
f 106/1/87 105/1/87 163/1/87
f 159/1/86 161/1/86 103/1/86
f 105/1/86 103/1/86 161/1/86
f 157/1/85 159/1/85 101/1/85
f 103/1/85 101/1/85 159/1/85
f 155/1/84 157/1/84 99/1/84
f 101/1/84 99/1/84 157/1/84
f 153/1/83 155/1/83 97/1/83
f 99/1/83 97/1/83 155/1/83
f 151/1/82 153/1/82 95/1/82
f 97/1/82 95/1/82 153/1/82
f 149/1/81 151/1/81 93/1/81
f 95/1/81 93/1/81 151/1/81
f 147/1/80 149/1/80 91/1/80
f 93/1/80 91/1/80 149/1/80
f 144/1/79 147/1/79 88/1/79
f 91/1/79 88/1/79 147/1/79
f 142/1/78 144/1/78 86/1/78
f 88/1/78 86/1/78 144/1/78
f 140/1/77 142/1/77 84/1/77
f 86/1/77 84/1/77 142/1/77
f 138/1/70 140/1/70 82/1/70
f 84/1/70 82/1/70 140/1/70
f 80/1/76 136/1/76 82/1/76
f 138/1/76 82/1/76 136/1/76
f 63/1/75 133/1/75 80/1/75
f 136/1/75 80/1/75 133/1/75
f 64/1/74 197/1/74 63/1/74
f 133/1/74 63/1/74 197/1/74
f 62/1/73 196/1/73 64/1/73
f 197/1/73 64/1/73 196/1/73
f 67/1/72 199/1/72 62/1/72
f 196/1/72 62/1/72 199/1/72
f 69/1/71 201/1/71 67/1/71
f 199/1/71 67/1/71 201/1/71
f 202/1/63 201/1/63 70/1/63
f 69/1/63 70/1/63 201/1/63
f 202/1/69 70/1/69 200/1/69
f 68/1/69 200/1/69 70/1/69
f 200/1/68 68/1/68 198/1/68
f 66/1/68 198/1/68 68/1/68
f 198/1/67 66/1/67 135/1/67
f 65/1/67 135/1/67 66/1/67
f 135/1/66 65/1/66 134/1/66
f 79/1/66 134/1/66 65/1/66
f 134/1/65 79/1/65 137/1/65
f 81/1/65 137/1/65 79/1/65
f 137/1/64 81/1/64 139/1/64
f 83/1/64 139/1/64 81/1/64
f 141/1/63 139/1/63 85/1/63
f 83/1/63 85/1/63 139/1/63
f 143/1/62 141/1/62 87/1/62
f 85/1/62 87/1/62 141/1/62
f 145/1/61 143/1/61 89/1/61
f 87/1/61 89/1/61 143/1/61
f 146/1/60 145/1/60 90/1/60
f 89/1/60 90/1/60 145/1/60
f 148/1/59 146/1/59 92/1/59
f 90/1/59 92/1/59 146/1/59
f 150/1/58 148/1/58 94/1/58
f 92/1/58 94/1/58 148/1/58
f 152/1/57 150/1/57 96/1/57
f 94/1/57 96/1/57 150/1/57
f 154/1/56 152/1/56 98/1/56
f 96/1/56 98/1/56 152/1/56
f 156/1/55 154/1/55 100/1/55
f 98/1/55 100/1/55 154/1/55
f 158/1/54 156/1/54 102/1/54
f 100/1/54 102/1/54 156/1/54
f 160/1/53 158/1/53 104/1/53
f 102/1/53 104/1/53 158/1/53
f 162/1/52 160/1/52 46/1/52
f 104/1/52 46/1/52 160/1/52
f 165/1/51 162/1/51 107/1/51
f 46/1/51 107/1/51 162/1/51
f 167/1/50 165/1/50 110/1/50
f 107/1/50 110/1/50 165/1/50
f 169/1/49 167/1/49 112/1/49
f 110/1/49 112/1/49 167/1/49
f 171/1/48 169/1/48 114/1/48
f 112/1/48 114/1/48 169/1/48
f 173/1/47 171/1/47 116/1/47
f 114/1/47 116/1/47 171/1/47
f 175/1/46 173/1/46 118/1/46
f 116/1/46 118/1/46 173/1/46
f 177/1/45 175/1/45 120/1/45
f 118/1/45 120/1/45 175/1/45
f 179/1/44 177/1/44 122/1/44
f 120/1/44 122/1/44 177/1/44
f 181/1/43 179/1/43 124/1/43
f 122/1/43 124/1/43 179/1/43
f 183/1/42 181/1/42 126/1/42
f 124/1/42 126/1/42 181/1/42
f 184/1/41 183/1/41 127/1/41
f 126/1/41 127/1/41 183/1/41
f 132/1/40 184/1/40 129/1/40
f 127/1/40 129/1/40 184/1/40
f 72/1/35 189/1/35 75/1/35
f 193/1/35 75/1/35 189/1/35
f 73/1/34 191/1/34 72/1/34
f 189/1/34 72/1/34 191/1/34
f 203/1/101 204/1/101 205/1/101
f 204/1/101 203/1/101 206/1/101
f 204/1/27 207/1/27 205/1/27
f 207/1/27 204/1/27 208/1/27
f 203/1/102 207/1/102 209/1/102
f 207/1/102 203/1/102 205/1/102
f 210/1/25 203/1/25 209/1/25
f 203/1/25 210/1/25 206/1/25
f 211/1/101 206/1/101 203/1/101
f 206/1/101 211/1/101 212/1/101
f 204/1/103 210/1/103 208/1/103
f 210/1/103 204/1/103 206/1/103
f 210/1/104 207/1/104 208/1/104
f 207/1/104 210/1/104 209/1/104
f 213/1/101 212/1/101 211/1/101
f 212/1/101 213/1/101 214/1/101
f 212/1/27 215/1/27 211/1/27
f 215/1/27 212/1/27 216/1/27
f 213/1/102 215/1/102 217/1/102
f 215/1/102 213/1/102 211/1/102
f 218/1/101 214/1/101 213/1/101
f 214/1/101 218/1/101 219/1/101
f 220/1/25 213/1/25 217/1/25
f 213/1/25 220/1/25 214/1/25
f 212/1/103 220/1/103 216/1/103
f 220/1/103 212/1/103 214/1/103
f 220/1/104 215/1/104 216/1/104
f 215/1/104 220/1/104 217/1/104
f 221/1/101 219/1/101 218/1/101
f 219/1/101 221/1/101 222/1/101
f 219/1/27 223/1/27 218/1/27
f 223/1/27 219/1/27 224/1/27
f 221/1/102 223/1/102 225/1/102
f 223/1/102 221/1/102 218/1/102
f 226/1/101 222/1/101 221/1/101
f 222/1/101 226/1/101 227/1/101
f 228/1/25 221/1/25 225/1/25
f 221/1/25 228/1/25 222/1/25
f 219/1/103 228/1/103 224/1/103
f 228/1/103 219/1/103 222/1/103
f 228/1/104 223/1/104 224/1/104
f 223/1/104 228/1/104 225/1/104
f 229/1/101 227/1/101 226/1/101
f 227/1/101 229/1/101 230/1/101
f 227/1/27 231/1/27 226/1/27
f 231/1/27 227/1/27 232/1/27
f 229/1/102 231/1/102 233/1/102
f 231/1/102 229/1/102 226/1/102
f 234/1/25 229/1/25 233/1/25
f 229/1/25 234/1/25 230/1/25
f 227/1/103 234/1/103 232/1/103
f 234/1/103 227/1/103 230/1/103
f 234/1/104 231/1/104 232/1/104
f 231/1/104 234/1/104 233/1/104
f 206/1/104 203/1/104 204/1/104
f 205/1/104 204/1/104 203/1/104
f 208/1/25 204/1/25 207/1/25
f 205/1/25 207/1/25 204/1/25
f 205/1/103 203/1/103 207/1/103
f 209/1/103 207/1/103 203/1/103
f 206/1/27 210/1/27 203/1/27
f 209/1/27 203/1/27 210/1/27
f 212/1/104 211/1/104 206/1/104
f 203/1/104 206/1/104 211/1/104
f 206/1/102 204/1/102 210/1/102
f 208/1/102 210/1/102 204/1/102
f 209/1/101 210/1/101 207/1/101
f 208/1/101 207/1/101 210/1/101
f 214/1/104 213/1/104 212/1/104
f 211/1/104 212/1/104 213/1/104
f 216/1/25 212/1/25 215/1/25
f 211/1/25 215/1/25 212/1/25
f 211/1/103 213/1/103 215/1/103
f 217/1/103 215/1/103 213/1/103
f 219/1/104 218/1/104 214/1/104
f 213/1/104 214/1/104 218/1/104
f 214/1/27 220/1/27 213/1/27
f 217/1/27 213/1/27 220/1/27
f 214/1/102 212/1/102 220/1/102
f 216/1/102 220/1/102 212/1/102
f 217/1/101 220/1/101 215/1/101
f 216/1/101 215/1/101 220/1/101
f 222/1/104 221/1/104 219/1/104
f 218/1/104 219/1/104 221/1/104
f 224/1/25 219/1/25 223/1/25
f 218/1/25 223/1/25 219/1/25
f 218/1/103 221/1/103 223/1/103
f 225/1/103 223/1/103 221/1/103
f 227/1/104 226/1/104 222/1/104
f 221/1/104 222/1/104 226/1/104
f 222/1/27 228/1/27 221/1/27
f 225/1/27 221/1/27 228/1/27
f 222/1/102 219/1/102 228/1/102
f 224/1/102 228/1/102 219/1/102
f 225/1/101 228/1/101 223/1/101
f 224/1/101 223/1/101 228/1/101
f 230/1/104 229/1/104 227/1/104
f 226/1/104 227/1/104 229/1/104
f 232/1/25 227/1/25 231/1/25
f 226/1/25 231/1/25 227/1/25
f 226/1/103 229/1/103 231/1/103
f 233/1/103 231/1/103 229/1/103
f 230/1/27 234/1/27 229/1/27
f 233/1/27 229/1/27 234/1/27
f 230/1/102 227/1/102 234/1/102
f 232/1/102 234/1/102 227/1/102
f 233/1/101 234/1/101 231/1/101
f 232/1/101 231/1/101 234/1/101
f 235/1/105 236/1/105 237/1/105
f 236/1/105 235/1/105 238/1/105
f 237/1/27 239/1/27 240/1/27
f 239/1/27 237/1/27 236/1/27
f 241/1/106 237/1/106 240/1/106
f 237/1/106 241/1/106 235/1/106
f 242/1/25 235/1/25 241/1/25
f 235/1/25 242/1/25 238/1/25
f 236/1/107 242/1/107 239/1/107
f 242/1/107 236/1/107 238/1/107
f 242/1/108 240/1/108 239/1/108
f 240/1/108 242/1/108 241/1/108
f 238/1/108 235/1/108 236/1/108
f 237/1/108 236/1/108 235/1/108
f 236/1/25 237/1/25 239/1/25
f 240/1/25 239/1/25 237/1/25
f 235/1/107 241/1/107 237/1/107
f 240/1/107 237/1/107 241/1/107
f 238/1/27 242/1/27 235/1/27
f 241/1/27 235/1/27 242/1/27
f 238/1/106 236/1/106 242/1/106
f 239/1/106 242/1/106 236/1/106
f 241/1/105 242/1/105 240/1/105
f 239/1/105 240/1/105 242/1/105
f 243/1/105 244/1/105 245/1/105
f 244/1/105 243/1/105 246/1/105
f 247/1/25 243/1/25 248/1/25
f 243/1/25 247/1/25 246/1/25
f 249/1/109 246/1/109 247/1/109
f 246/1/109 249/1/109 244/1/109
f 245/1/27 249/1/27 250/1/27
f 249/1/27 245/1/27 244/1/27
f 243/1/110 250/1/110 248/1/110
f 250/1/110 243/1/110 245/1/110
f 247/1/108 250/1/108 249/1/108
f 250/1/108 247/1/108 248/1/108
f 246/1/108 243/1/108 244/1/108
f 245/1/108 244/1/108 243/1/108
f 246/1/27 247/1/27 243/1/27
f 248/1/27 243/1/27 247/1/27
f 244/1/110 249/1/110 246/1/110
f 247/1/110 246/1/110 249/1/110
f 244/1/25 245/1/25 249/1/25
f 250/1/25 249/1/25 245/1/25
f 245/1/109 243/1/109 250/1/109
f 248/1/109 250/1/109 243/1/109
f 248/1/105 247/1/105 250/1/105
f 249/1/105 250/1/105 247/1/105
f 213/1/25 251/1/25 252/1/25
f 251/1/25 213/1/25 253/1/25
f 254/1/105 253/1/105 255/1/105
f 253/1/105 254/1/105 251/1/105
f 251/1/111 256/1/111 252/1/111
f 256/1/111 251/1/111 254/1/111
f 213/1/103 256/1/103 257/1/103
f 256/1/103 213/1/103 252/1/103
f 255/1/112 213/1/112 257/1/112
f 213/1/112 255/1/112 253/1/112
f 254/1/27 257/1/27 256/1/27
f 257/1/27 254/1/27 255/1/27
f 253/1/27 213/1/27 251/1/27
f 252/1/27 251/1/27 213/1/27
f 251/1/108 254/1/108 253/1/108
f 255/1/108 253/1/108 254/1/108
f 254/1/113 251/1/113 256/1/113
f 252/1/113 256/1/113 251/1/113
f 252/1/102 213/1/102 256/1/102
f 257/1/102 256/1/102 213/1/102
f 253/1/114 255/1/114 213/1/114
f 257/1/114 213/1/114 255/1/114
f 255/1/25 254/1/25 257/1/25
f 256/1/25 257/1/25 254/1/25
f 258/1/27 259/1/27 260/1/27
f 259/1/27 258/1/27 261/1/27
f 262/1/103 260/1/103 259/1/103
f 260/1/103 262/1/103 263/1/103
f 263/1/115 258/1/115 260/1/115
f 258/1/115 263/1/115 264/1/115
f 258/1/105 265/1/105 261/1/105
f 265/1/105 258/1/105 264/1/105
f 265/1/116 259/1/116 261/1/116
f 259/1/116 265/1/116 262/1/116
f 262/1/25 264/1/25 263/1/25
f 264/1/25 262/1/25 265/1/25
f 261/1/25 258/1/25 259/1/25
f 260/1/25 259/1/25 258/1/25
f 263/1/102 262/1/102 260/1/102
f 259/1/102 260/1/102 262/1/102
f 264/1/117 263/1/117 258/1/117
f 260/1/117 258/1/117 263/1/117
f 264/1/108 258/1/108 265/1/108
f 261/1/108 265/1/108 258/1/108
f 262/1/118 265/1/118 259/1/118
f 261/1/118 259/1/118 265/1/118
f 265/1/27 262/1/27 264/1/27
f 263/1/27 264/1/27 262/1/27
f 266/1/25 267/1/25 268/1/25
f 267/1/25 266/1/25 269/1/25
f 270/1/102 269/1/102 271/1/102
f 269/1/102 270/1/102 267/1/102
f 267/1/119 272/1/119 268/1/119
f 272/1/119 267/1/119 270/1/119
f 266/1/120 272/1/120 273/1/120
f 272/1/120 266/1/120 268/1/120
f 271/1/121 266/1/121 273/1/121
f 266/1/121 271/1/121 269/1/121
f 270/1/27 273/1/27 272/1/27
f 273/1/27 270/1/27 271/1/27
f 269/1/27 266/1/27 267/1/27
f 268/1/27 267/1/27 266/1/27
f 267/1/103 270/1/103 269/1/103
f 271/1/103 269/1/103 270/1/103
f 270/1/122 267/1/122 272/1/122
f 268/1/122 272/1/122 267/1/122
f 268/1/123 266/1/123 272/1/123
f 273/1/123 272/1/123 266/1/123
f 269/1/124 271/1/124 266/1/124
f 273/1/124 266/1/124 271/1/124
f 271/1/25 270/1/25 273/1/25
f 272/1/25 273/1/25 270/1/25
f 274/1/27 275/1/27 276/1/27
f 275/1/27 274/1/27 227/1/27
f 277/1/120 276/1/120 275/1/120
f 276/1/120 277/1/120 278/1/120
f 278/1/125 274/1/125 276/1/125
f 274/1/125 278/1/125 279/1/125
f 274/1/102 280/1/102 227/1/102
f 280/1/102 274/1/102 279/1/102
f 280/1/126 275/1/126 227/1/126
f 275/1/126 280/1/126 277/1/126
f 277/1/25 279/1/25 278/1/25
f 279/1/25 277/1/25 280/1/25
f 227/1/25 274/1/25 275/1/25
f 276/1/25 275/1/25 274/1/25
f 278/1/123 277/1/123 276/1/123
f 275/1/123 276/1/123 277/1/123
f 279/1/127 278/1/127 274/1/127
f 276/1/127 274/1/127 278/1/127
f 279/1/103 274/1/103 280/1/103
f 227/1/103 280/1/103 274/1/103
f 277/1/128 280/1/128 275/1/128
f 227/1/128 275/1/128 280/1/128
f 280/1/27 277/1/27 279/1/27
f 278/1/27 279/1/27 277/1/27
f 281/1/25 282/1/25 283/1/25
f 282/1/25 281/1/25 284/1/25
f 285/1/129 284/1/129 286/1/129
f 284/1/129 285/1/129 282/1/129
f 282/1/130 287/1/130 283/1/130
f 287/1/130 282/1/130 285/1/130
f 281/1/131 287/1/131 288/1/131
f 287/1/131 281/1/131 283/1/131
f 286/1/132 281/1/132 288/1/132
f 281/1/132 286/1/132 284/1/132
f 285/1/27 288/1/27 287/1/27
f 288/1/27 285/1/27 286/1/27
f 284/1/27 281/1/27 282/1/27
f 283/1/27 282/1/27 281/1/27
f 282/1/133 285/1/133 284/1/133
f 286/1/133 284/1/133 285/1/133
f 285/1/134 282/1/134 287/1/134
f 283/1/134 287/1/134 282/1/134
f 283/1/135 281/1/135 287/1/135
f 288/1/135 287/1/135 281/1/135
f 284/1/136 286/1/136 281/1/136
f 288/1/136 281/1/136 286/1/136
f 286/1/25 285/1/25 288/1/25
f 287/1/25 288/1/25 285/1/25
f 289/1/27 290/1/27 291/1/27
f 290/1/27 289/1/27 292/1/27
f 293/1/131 291/1/131 290/1/131
f 291/1/131 293/1/131 294/1/131
f 294/1/137 289/1/137 291/1/137
f 289/1/137 294/1/137 295/1/137
f 289/1/129 296/1/129 292/1/129
f 296/1/129 289/1/129 295/1/129
f 296/1/138 290/1/138 292/1/138
f 290/1/138 296/1/138 293/1/138
f 293/1/25 295/1/25 294/1/25
f 295/1/25 293/1/25 296/1/25
f 292/1/25 289/1/25 290/1/25
f 291/1/25 290/1/25 289/1/25
f 294/1/135 293/1/135 291/1/135
f 290/1/135 291/1/135 293/1/135
f 295/1/139 294/1/139 289/1/139
f 291/1/139 289/1/139 294/1/139
f 295/1/133 289/1/133 296/1/133
f 292/1/133 296/1/133 289/1/133
f 293/1/140 296/1/140 290/1/140
f 292/1/140 290/1/140 296/1/140
f 296/1/27 293/1/27 295/1/27
f 294/1/27 295/1/27 293/1/27
f 297/1/102 298/1/102 299/1/102
f 298/1/102 297/1/102 300/1/102
f 299/1/27 301/1/27 228/1/27
f 301/1/27 299/1/27 298/1/27
f 302/1/141 299/1/141 228/1/141
f 299/1/141 302/1/141 297/1/141
f 303/1/25 297/1/25 302/1/25
f 297/1/25 303/1/25 300/1/25
f 298/1/142 303/1/142 301/1/142
f 303/1/142 298/1/142 300/1/142
f 303/1/103 228/1/103 301/1/103
f 228/1/103 303/1/103 302/1/103
f 300/1/103 297/1/103 298/1/103
f 299/1/103 298/1/103 297/1/103
f 298/1/25 299/1/25 301/1/25
f 228/1/25 301/1/25 299/1/25
f 297/1/142 302/1/142 299/1/142
f 228/1/142 299/1/142 302/1/142
f 300/1/27 303/1/27 297/1/27
f 302/1/27 297/1/27 303/1/27
f 300/1/141 298/1/141 303/1/141
f 301/1/141 303/1/141 298/1/141
f 302/1/102 303/1/102 228/1/102
f 301/1/102 228/1/102 303/1/102
f 304/1/102 305/1/102 306/1/102
f 305/1/102 304/1/102 226/1/102
f 307/1/25 304/1/25 308/1/25
f 304/1/25 307/1/25 226/1/25
f 309/1/143 226/1/143 307/1/143
f 226/1/143 309/1/143 305/1/143
f 306/1/27 309/1/27 310/1/27
f 309/1/27 306/1/27 305/1/27
f 304/1/144 310/1/144 308/1/144
f 310/1/144 304/1/144 306/1/144
f 307/1/103 310/1/103 309/1/103
f 310/1/103 307/1/103 308/1/103
f 226/1/103 304/1/103 305/1/103
f 306/1/103 305/1/103 304/1/103
f 226/1/27 307/1/27 304/1/27
f 308/1/27 304/1/27 307/1/27
f 305/1/144 309/1/144 226/1/144
f 307/1/144 226/1/144 309/1/144
f 305/1/25 306/1/25 309/1/25
f 310/1/25 309/1/25 306/1/25
f 306/1/143 304/1/143 310/1/143
f 308/1/143 310/1/143 304/1/143
f 308/1/102 307/1/102 310/1/102
f 309/1/102 310/1/102 307/1/102
f 311/1/25 312/1/25 313/1/25
f 312/1/25 311/1/25 314/1/25
f 315/1/102 314/1/102 316/1/102
f 314/1/102 315/1/102 312/1/102
f 312/1/119 317/1/119 313/1/119
f 317/1/119 312/1/119 315/1/119
f 311/1/120 317/1/120 318/1/120
f 317/1/120 311/1/120 313/1/120
f 316/1/121 311/1/121 318/1/121
f 311/1/121 316/1/121 314/1/121
f 315/1/27 318/1/27 317/1/27
f 318/1/27 315/1/27 316/1/27
f 314/1/27 311/1/27 312/1/27
f 313/1/27 312/1/27 311/1/27
f 312/1/103 315/1/103 314/1/103
f 316/1/103 314/1/103 315/1/103
f 315/1/122 312/1/122 317/1/122
f 313/1/122 317/1/122 312/1/122
f 313/1/123 311/1/123 317/1/123
f 318/1/123 317/1/123 311/1/123
f 314/1/124 316/1/124 311/1/124
f 318/1/124 311/1/124 316/1/124
f 316/1/25 315/1/25 318/1/25
f 317/1/25 318/1/25 315/1/25
f 319/1/27 320/1/27 321/1/27
f 320/1/27 319/1/27 212/1/27
f 322/1/120 321/1/120 320/1/120
f 321/1/120 322/1/120 323/1/120
f 323/1/125 319/1/125 321/1/125
f 319/1/125 323/1/125 324/1/125
f 319/1/102 325/1/102 212/1/102
f 325/1/102 319/1/102 324/1/102
f 325/1/126 320/1/126 212/1/126
f 320/1/126 325/1/126 322/1/126
f 322/1/25 324/1/25 323/1/25
f 324/1/25 322/1/25 325/1/25
f 212/1/25 319/1/25 320/1/25
f 321/1/25 320/1/25 319/1/25
f 323/1/123 322/1/123 321/1/123
f 320/1/123 321/1/123 322/1/123
f 324/1/127 323/1/127 319/1/127
f 321/1/127 319/1/127 323/1/127
f 324/1/103 319/1/103 325/1/103
f 212/1/103 325/1/103 319/1/103
f 322/1/128 325/1/128 320/1/128
f 212/1/128 320/1/128 325/1/128
f 325/1/27 322/1/27 324/1/27
f 323/1/27 324/1/27 322/1/27
f 326/1/25 327/1/25 328/1/25
f 327/1/25 326/1/25 329/1/25
f 330/1/102 329/1/102 331/1/102
f 329/1/102 330/1/102 327/1/102
f 327/1/119 332/1/119 328/1/119
f 332/1/119 327/1/119 330/1/119
f 326/1/120 332/1/120 333/1/120
f 332/1/120 326/1/120 328/1/120
f 331/1/121 326/1/121 333/1/121
f 326/1/121 331/1/121 329/1/121
f 330/1/27 333/1/27 332/1/27
f 333/1/27 330/1/27 331/1/27
f 329/1/27 326/1/27 327/1/27
f 328/1/27 327/1/27 326/1/27
f 327/1/103 330/1/103 329/1/103
f 331/1/103 329/1/103 330/1/103
f 330/1/122 327/1/122 332/1/122
f 328/1/122 332/1/122 327/1/122
f 328/1/123 326/1/123 332/1/123
f 333/1/123 332/1/123 326/1/123
f 329/1/124 331/1/124 326/1/124
f 333/1/124 326/1/124 331/1/124
f 331/1/25 330/1/25 333/1/25
f 332/1/25 333/1/25 330/1/25
f 334/1/27 335/1/27 336/1/27
f 335/1/27 334/1/27 204/1/27
f 337/1/120 336/1/120 335/1/120
f 336/1/120 337/1/120 338/1/120
f 338/1/125 334/1/125 336/1/125
f 334/1/125 338/1/125 339/1/125
f 334/1/102 340/1/102 204/1/102
f 340/1/102 334/1/102 339/1/102
f 340/1/126 335/1/126 204/1/126
f 335/1/126 340/1/126 337/1/126
f 337/1/25 339/1/25 338/1/25
f 339/1/25 337/1/25 340/1/25
f 204/1/25 334/1/25 335/1/25
f 336/1/25 335/1/25 334/1/25
f 338/1/123 337/1/123 336/1/123
f 335/1/123 336/1/123 337/1/123
f 339/1/127 338/1/127 334/1/127
f 336/1/127 334/1/127 338/1/127
f 339/1/103 334/1/103 340/1/103
f 204/1/103 340/1/103 334/1/103
f 337/1/128 340/1/128 335/1/128
f 204/1/128 335/1/128 340/1/128
f 340/1/27 337/1/27 339/1/27
f 338/1/27 339/1/27 337/1/27
f 341/1/145 342/1/145 343/1/145
f 342/1/145 341/1/145 344/1/145
f 342/1/27 345/1/27 343/1/27
f 345/1/27 342/1/27 346/1/27
f 341/1/129 345/1/129 347/1/129
f 345/1/129 341/1/129 343/1/129
f 348/1/25 341/1/25 347/1/25
f 341/1/25 348/1/25 344/1/25
f 349/1/145 344/1/145 341/1/145
f 344/1/145 349/1/145 350/1/145
f 342/1/133 348/1/133 346/1/133
f 348/1/133 342/1/133 344/1/133
f 348/1/146 345/1/146 346/1/146
f 345/1/146 348/1/146 347/1/146
f 351/1/145 350/1/145 349/1/145
f 350/1/145 351/1/145 352/1/145
f 350/1/27 353/1/27 349/1/27
f 353/1/27 350/1/27 354/1/27
f 351/1/129 353/1/129 355/1/129
f 353/1/129 351/1/129 349/1/129
f 356/1/145 352/1/145 351/1/145
f 352/1/145 356/1/145 292/1/145
f 357/1/25 351/1/25 355/1/25
f 351/1/25 357/1/25 352/1/25
f 350/1/133 357/1/133 354/1/133
f 357/1/133 350/1/133 352/1/133
f 357/1/146 353/1/146 354/1/146
f 353/1/146 357/1/146 355/1/146
f 358/1/145 292/1/145 356/1/145
f 292/1/145 358/1/145 359/1/145
f 292/1/27 360/1/27 356/1/27
f 360/1/27 292/1/27 361/1/27
f 358/1/129 360/1/129 362/1/129
f 360/1/129 358/1/129 356/1/129
f 363/1/145 359/1/145 358/1/145
f 359/1/145 363/1/145 364/1/145
f 365/1/25 358/1/25 362/1/25
f 358/1/25 365/1/25 359/1/25
f 292/1/133 365/1/133 361/1/133
f 365/1/133 292/1/133 359/1/133
f 365/1/146 360/1/146 361/1/146
f 360/1/146 365/1/146 362/1/146
f 52/1/145 364/1/145 363/1/145
f 364/1/145 52/1/145 366/1/145
f 364/1/27 367/1/27 363/1/27
f 367/1/27 364/1/27 368/1/27
f 52/1/129 367/1/129 369/1/129
f 367/1/129 52/1/129 363/1/129
f 370/1/25 52/1/25 369/1/25
f 52/1/25 370/1/25 366/1/25
f 364/1/133 370/1/133 368/1/133
f 370/1/133 364/1/133 366/1/133
f 370/1/146 367/1/146 368/1/146
f 367/1/146 370/1/146 369/1/146
f 344/1/146 341/1/146 342/1/146
f 343/1/146 342/1/146 341/1/146
f 346/1/25 342/1/25 345/1/25
f 343/1/25 345/1/25 342/1/25
f 343/1/133 341/1/133 345/1/133
f 347/1/133 345/1/133 341/1/133
f 344/1/27 348/1/27 341/1/27
f 347/1/27 341/1/27 348/1/27
f 350/1/146 349/1/146 344/1/146
f 341/1/146 344/1/146 349/1/146
f 344/1/129 342/1/129 348/1/129
f 346/1/129 348/1/129 342/1/129
f 347/1/145 348/1/145 345/1/145
f 346/1/145 345/1/145 348/1/145
f 352/1/146 351/1/146 350/1/146
f 349/1/146 350/1/146 351/1/146
f 354/1/25 350/1/25 353/1/25
f 349/1/25 353/1/25 350/1/25
f 349/1/133 351/1/133 353/1/133
f 355/1/133 353/1/133 351/1/133
f 292/1/146 356/1/146 352/1/146
f 351/1/146 352/1/146 356/1/146
f 352/1/27 357/1/27 351/1/27
f 355/1/27 351/1/27 357/1/27
f 352/1/129 350/1/129 357/1/129
f 354/1/129 357/1/129 350/1/129
f 355/1/145 357/1/145 353/1/145
f 354/1/145 353/1/145 357/1/145
f 359/1/146 358/1/146 292/1/146
f 356/1/146 292/1/146 358/1/146
f 361/1/25 292/1/25 360/1/25
f 356/1/25 360/1/25 292/1/25
f 356/1/133 358/1/133 360/1/133
f 362/1/133 360/1/133 358/1/133
f 364/1/146 363/1/146 359/1/146
f 358/1/146 359/1/146 363/1/146
f 359/1/27 365/1/27 358/1/27
f 362/1/27 358/1/27 365/1/27
f 359/1/129 292/1/129 365/1/129
f 361/1/129 365/1/129 292/1/129
f 362/1/145 365/1/145 360/1/145
f 361/1/145 360/1/145 365/1/145
f 366/1/146 52/1/146 364/1/146
f 363/1/146 364/1/146 52/1/146
f 368/1/25 364/1/25 367/1/25
f 363/1/25 367/1/25 364/1/25
f 363/1/133 52/1/133 367/1/133
f 369/1/133 367/1/133 52/1/133
f 366/1/27 370/1/27 52/1/27
f 369/1/27 52/1/27 370/1/27
f 366/1/129 364/1/129 370/1/129
f 368/1/129 370/1/129 364/1/129
f 369/1/145 370/1/145 367/1/145
f 368/1/145 367/1/145 370/1/145
f 371/1/102 372/1/102 373/1/102
f 372/1/102 371/1/102 374/1/102
f 373/1/27 375/1/27 220/1/27
f 375/1/27 373/1/27 372/1/27
f 376/1/141 373/1/141 220/1/141
f 373/1/141 376/1/141 371/1/141
f 377/1/25 371/1/25 376/1/25
f 371/1/25 377/1/25 374/1/25
f 372/1/142 377/1/142 375/1/142
f 377/1/142 372/1/142 374/1/142
f 377/1/103 220/1/103 375/1/103
f 220/1/103 377/1/103 376/1/103
f 374/1/103 371/1/103 372/1/103
f 373/1/103 372/1/103 371/1/103
f 372/1/25 373/1/25 375/1/25
f 220/1/25 375/1/25 373/1/25
f 371/1/142 376/1/142 373/1/142
f 220/1/142 373/1/142 376/1/142
f 374/1/27 377/1/27 371/1/27
f 376/1/27 371/1/27 377/1/27
f 374/1/141 372/1/141 377/1/141
f 375/1/141 377/1/141 372/1/141
f 376/1/102 377/1/102 220/1/102
f 375/1/102 220/1/102 377/1/102
f 378/1/102 379/1/102 380/1/102
f 379/1/102 378/1/102 218/1/102
f 381/1/25 378/1/25 382/1/25
f 378/1/25 381/1/25 218/1/25
f 383/1/143 218/1/143 381/1/143
f 218/1/143 383/1/143 379/1/143
f 380/1/27 383/1/27 384/1/27
f 383/1/27 380/1/27 379/1/27
f 378/1/144 384/1/144 382/1/144
f 384/1/144 378/1/144 380/1/144
f 381/1/103 384/1/103 383/1/103
f 384/1/103 381/1/103 382/1/103
f 218/1/103 378/1/103 379/1/103
f 380/1/103 379/1/103 378/1/103
f 218/1/27 381/1/27 378/1/27
f 382/1/27 378/1/27 381/1/27
f 379/1/144 383/1/144 218/1/144
f 381/1/144 218/1/144 383/1/144
f 379/1/25 380/1/25 383/1/25
f 384/1/25 383/1/25 380/1/25
f 380/1/143 378/1/143 384/1/143
f 382/1/143 384/1/143 378/1/143
f 382/1/102 381/1/102 384/1/102
f 383/1/102 384/1/102 381/1/102
f 385/1/105 386/1/105 387/1/105
f 386/1/105 385/1/105 388/1/105
f 387/1/27 389/1/27 390/1/27
f 389/1/27 387/1/27 386/1/27
f 391/1/106 387/1/106 390/1/106
f 387/1/106 391/1/106 385/1/106
f 392/1/25 385/1/25 391/1/25
f 385/1/25 392/1/25 388/1/25
f 386/1/107 392/1/107 389/1/107
f 392/1/107 386/1/107 388/1/107
f 392/1/108 390/1/108 389/1/108
f 390/1/108 392/1/108 391/1/108
f 388/1/108 385/1/108 386/1/108
f 387/1/108 386/1/108 385/1/108
f 386/1/25 387/1/25 389/1/25
f 390/1/25 389/1/25 387/1/25
f 385/1/107 391/1/107 387/1/107
f 390/1/107 387/1/107 391/1/107
f 388/1/27 392/1/27 385/1/27
f 391/1/27 385/1/27 392/1/27
f 388/1/106 386/1/106 392/1/106
f 389/1/106 392/1/106 386/1/106
f 391/1/105 392/1/105 390/1/105
f 389/1/105 390/1/105 392/1/105
f 393/1/105 394/1/105 395/1/105
f 394/1/105 393/1/105 396/1/105
f 397/1/25 393/1/25 398/1/25
f 393/1/25 397/1/25 396/1/25
f 399/1/109 396/1/109 397/1/109
f 396/1/109 399/1/109 394/1/109
f 395/1/27 399/1/27 400/1/27
f 399/1/27 395/1/27 394/1/27
f 393/1/110 400/1/110 398/1/110
f 400/1/110 393/1/110 395/1/110
f 397/1/108 400/1/108 399/1/108
f 400/1/108 397/1/108 398/1/108
f 396/1/108 393/1/108 394/1/108
f 395/1/108 394/1/108 393/1/108
f 396/1/27 397/1/27 393/1/27
f 398/1/27 393/1/27 397/1/27
f 394/1/110 399/1/110 396/1/110
f 397/1/110 396/1/110 399/1/110
f 394/1/25 395/1/25 399/1/25
f 400/1/25 399/1/25 395/1/25
f 395/1/109 393/1/109 400/1/109
f 398/1/109 400/1/109 393/1/109
f 398/1/105 397/1/105 400/1/105
f 399/1/105 400/1/105 397/1/105
f 401/1/146 402/1/146 403/1/146
f 402/1/146 401/1/146 404/1/146
f 402/1/27 405/1/27 403/1/27
f 405/1/27 402/1/27 406/1/27
f 401/1/133 405/1/133 407/1/133
f 405/1/133 401/1/133 403/1/133
f 408/1/25 401/1/25 407/1/25
f 401/1/25 408/1/25 404/1/25
f 409/1/146 404/1/146 401/1/146
f 404/1/146 409/1/146 410/1/146
f 402/1/129 408/1/129 406/1/129
f 408/1/129 402/1/129 404/1/129
f 408/1/145 405/1/145 406/1/145
f 405/1/145 408/1/145 407/1/145
f 411/1/146 410/1/146 409/1/146
f 410/1/146 411/1/146 412/1/146
f 410/1/27 413/1/27 409/1/27
f 413/1/27 410/1/27 414/1/27
f 411/1/133 413/1/133 415/1/133
f 413/1/133 411/1/133 409/1/133
f 416/1/146 412/1/146 411/1/146
f 412/1/146 416/1/146 417/1/146
f 418/1/25 411/1/25 415/1/25
f 411/1/25 418/1/25 412/1/25
f 410/1/129 418/1/129 414/1/129
f 418/1/129 410/1/129 412/1/129
f 418/1/145 413/1/145 414/1/145
f 413/1/145 418/1/145 415/1/145
f 282/1/146 417/1/146 416/1/146
f 417/1/146 282/1/146 419/1/146
f 417/1/27 420/1/27 416/1/27
f 420/1/27 417/1/27 421/1/27
f 282/1/133 420/1/133 422/1/133
f 420/1/133 282/1/133 416/1/133
f 423/1/146 419/1/146 282/1/146
f 419/1/146 423/1/146 50/1/146
f 424/1/25 282/1/25 422/1/25
f 282/1/25 424/1/25 419/1/25
f 417/1/129 424/1/129 421/1/129
f 424/1/129 417/1/129 419/1/129
f 424/1/145 420/1/145 421/1/145
f 420/1/145 424/1/145 422/1/145
f 425/1/146 50/1/146 423/1/146
f 50/1/146 425/1/146 426/1/146
f 50/1/27 427/1/27 423/1/27
f 427/1/27 50/1/27 428/1/27
f 425/1/133 427/1/133 429/1/133
f 427/1/133 425/1/133 423/1/133
f 430/1/25 425/1/25 429/1/25
f 425/1/25 430/1/25 426/1/25
f 50/1/129 430/1/129 428/1/129
f 430/1/129 50/1/129 426/1/129
f 430/1/145 427/1/145 428/1/145
f 427/1/145 430/1/145 429/1/145
f 404/1/145 401/1/145 402/1/145
f 403/1/145 402/1/145 401/1/145
f 406/1/25 402/1/25 405/1/25
f 403/1/25 405/1/25 402/1/25
f 403/1/129 401/1/129 405/1/129
f 407/1/129 405/1/129 401/1/129
f 404/1/27 408/1/27 401/1/27
f 407/1/27 401/1/27 408/1/27
f 410/1/145 409/1/145 404/1/145
f 401/1/145 404/1/145 409/1/145
f 404/1/133 402/1/133 408/1/133
f 406/1/133 408/1/133 402/1/133
f 407/1/146 408/1/146 405/1/146
f 406/1/146 405/1/146 408/1/146
f 412/1/145 411/1/145 410/1/145
f 409/1/145 410/1/145 411/1/145
f 414/1/25 410/1/25 413/1/25
f 409/1/25 413/1/25 410/1/25
f 409/1/129 411/1/129 413/1/129
f 415/1/129 413/1/129 411/1/129
f 417/1/145 416/1/145 412/1/145
f 411/1/145 412/1/145 416/1/145
f 412/1/27 418/1/27 411/1/27
f 415/1/27 411/1/27 418/1/27
f 412/1/133 410/1/133 418/1/133
f 414/1/133 418/1/133 410/1/133
f 415/1/146 418/1/146 413/1/146
f 414/1/146 413/1/146 418/1/146
f 419/1/145 282/1/145 417/1/145
f 416/1/145 417/1/145 282/1/145
f 421/1/25 417/1/25 420/1/25
f 416/1/25 420/1/25 417/1/25
f 416/1/129 282/1/129 420/1/129
f 422/1/129 420/1/129 282/1/129
f 50/1/145 423/1/145 419/1/145
f 282/1/145 419/1/145 423/1/145
f 419/1/27 424/1/27 282/1/27
f 422/1/27 282/1/27 424/1/27
f 419/1/133 417/1/133 424/1/133
f 421/1/133 424/1/133 417/1/133
f 422/1/146 424/1/146 420/1/146
f 421/1/146 420/1/146 424/1/146
f 426/1/145 425/1/145 50/1/145
f 423/1/145 50/1/145 425/1/145
f 428/1/25 50/1/25 427/1/25
f 423/1/25 427/1/25 50/1/25
f 423/1/129 425/1/129 427/1/129
f 429/1/129 427/1/129 425/1/129
f 426/1/27 430/1/27 425/1/27
f 429/1/27 425/1/27 430/1/27
f 426/1/133 50/1/133 430/1/133
f 428/1/133 430/1/133 50/1/133
f 429/1/146 430/1/146 427/1/146
f 428/1/146 427/1/146 430/1/146
f 431/1/147 432/1/147 433/1/147
f 432/1/147 431/1/147 434/1/147
f 432/1/27 435/1/27 433/1/27
f 435/1/27 432/1/27 436/1/27
f 431/1/131 435/1/131 437/1/131
f 435/1/131 431/1/131 433/1/131
f 438/1/25 431/1/25 437/1/25
f 431/1/25 438/1/25 434/1/25
f 439/1/147 434/1/147 431/1/147
f 434/1/147 439/1/147 440/1/147
f 432/1/135 438/1/135 436/1/135
f 438/1/135 432/1/135 434/1/135
f 438/1/148 435/1/148 436/1/148
f 435/1/148 438/1/148 437/1/148
f 441/1/147 440/1/147 439/1/147
f 440/1/147 441/1/147 442/1/147
f 440/1/27 443/1/27 439/1/27
f 443/1/27 440/1/27 444/1/27
f 441/1/131 443/1/131 445/1/131
f 443/1/131 441/1/131 439/1/131
f 446/1/147 442/1/147 441/1/147
f 442/1/147 446/1/147 291/1/147
f 447/1/25 441/1/25 445/1/25
f 441/1/25 447/1/25 442/1/25
f 440/1/135 447/1/135 444/1/135
f 447/1/135 440/1/135 442/1/135
f 447/1/148 443/1/148 444/1/148
f 443/1/148 447/1/148 445/1/148
f 448/1/147 291/1/147 446/1/147
f 291/1/147 448/1/147 449/1/147
f 291/1/27 450/1/27 446/1/27
f 450/1/27 291/1/27 451/1/27
f 448/1/131 450/1/131 452/1/131
f 450/1/131 448/1/131 446/1/131
f 453/1/147 449/1/147 448/1/147
f 449/1/147 453/1/147 454/1/147
f 455/1/25 448/1/25 452/1/25
f 448/1/25 455/1/25 449/1/25
f 291/1/135 455/1/135 451/1/135
f 455/1/135 291/1/135 449/1/135
f 455/1/148 450/1/148 451/1/148
f 450/1/148 455/1/148 452/1/148
f 456/1/147 454/1/147 453/1/147
f 454/1/147 456/1/147 457/1/147
f 454/1/27 458/1/27 453/1/27
f 458/1/27 454/1/27 459/1/27
f 456/1/131 458/1/131 460/1/131
f 458/1/131 456/1/131 453/1/131
f 461/1/25 456/1/25 460/1/25
f 456/1/25 461/1/25 457/1/25
f 454/1/135 461/1/135 459/1/135
f 461/1/135 454/1/135 457/1/135
f 461/1/148 458/1/148 459/1/148
f 458/1/148 461/1/148 460/1/148
f 434/1/148 431/1/148 432/1/148
f 433/1/148 432/1/148 431/1/148
f 436/1/25 432/1/25 435/1/25
f 433/1/25 435/1/25 432/1/25
f 433/1/135 431/1/135 435/1/135
f 437/1/135 435/1/135 431/1/135
f 434/1/27 438/1/27 431/1/27
f 437/1/27 431/1/27 438/1/27
f 440/1/148 439/1/148 434/1/148
f 431/1/148 434/1/148 439/1/148
f 434/1/131 432/1/131 438/1/131
f 436/1/131 438/1/131 432/1/131
f 437/1/147 438/1/147 435/1/147
f 436/1/147 435/1/147 438/1/147
f 442/1/148 441/1/148 440/1/148
f 439/1/148 440/1/148 441/1/148
f 444/1/25 440/1/25 443/1/25
f 439/1/25 443/1/25 440/1/25
f 439/1/135 441/1/135 443/1/135
f 445/1/135 443/1/135 441/1/135
f 291/1/148 446/1/148 442/1/148
f 441/1/148 442/1/148 446/1/148
f 442/1/27 447/1/27 441/1/27
f 445/1/27 441/1/27 447/1/27
f 442/1/131 440/1/131 447/1/131
f 444/1/131 447/1/131 440/1/131
f 445/1/147 447/1/147 443/1/147
f 444/1/147 443/1/147 447/1/147
f 449/1/148 448/1/148 291/1/148
f 446/1/148 291/1/148 448/1/148
f 451/1/25 291/1/25 450/1/25
f 446/1/25 450/1/25 291/1/25
f 446/1/135 448/1/135 450/1/135
f 452/1/135 450/1/135 448/1/135
f 454/1/148 453/1/148 449/1/148
f 448/1/148 449/1/148 453/1/148
f 449/1/27 455/1/27 448/1/27
f 452/1/27 448/1/27 455/1/27
f 449/1/131 291/1/131 455/1/131
f 451/1/131 455/1/131 291/1/131
f 452/1/147 455/1/147 450/1/147
f 451/1/147 450/1/147 455/1/147
f 457/1/148 456/1/148 454/1/148
f 453/1/148 454/1/148 456/1/148
f 459/1/25 454/1/25 458/1/25
f 453/1/25 458/1/25 454/1/25
f 453/1/135 456/1/135 458/1/135
f 460/1/135 458/1/135 456/1/135
f 457/1/27 461/1/27 456/1/27
f 460/1/27 456/1/27 461/1/27
f 457/1/131 454/1/131 461/1/131
f 459/1/131 461/1/131 454/1/131
f 460/1/147 461/1/147 458/1/147
f 459/1/147 458/1/147 461/1/147
f 326/1/149 45/1/149 47/1/149
f 45/1/149 326/1/149 462/1/149
f 45/1/27 43/1/27 47/1/27
f 43/1/27 45/1/27 41/1/27
f 326/1/123 43/1/123 463/1/123
f 43/1/123 326/1/123 47/1/123
f 464/1/25 326/1/25 463/1/25
f 326/1/25 464/1/25 462/1/25
f 465/1/149 462/1/149 326/1/149
f 462/1/149 465/1/149 466/1/149
f 45/1/120 464/1/120 41/1/120
f 464/1/120 45/1/120 462/1/120
f 464/1/150 43/1/150 41/1/150
f 43/1/150 464/1/150 463/1/150
f 311/1/149 466/1/149 465/1/149
f 466/1/149 311/1/149 467/1/149
f 466/1/27 468/1/27 465/1/27
f 468/1/27 466/1/27 469/1/27
f 311/1/123 468/1/123 470/1/123
f 468/1/123 311/1/123 465/1/123
f 471/1/149 467/1/149 311/1/149
f 467/1/149 471/1/149 472/1/149
f 473/1/25 311/1/25 470/1/25
f 311/1/25 473/1/25 467/1/25
f 466/1/120 473/1/120 469/1/120
f 473/1/120 466/1/120 467/1/120
f 473/1/150 468/1/150 469/1/150
f 468/1/150 473/1/150 470/1/150
f 474/1/149 472/1/149 471/1/149
f 472/1/149 474/1/149 475/1/149
f 472/1/27 476/1/27 471/1/27
f 476/1/27 472/1/27 477/1/27
f 474/1/123 476/1/123 478/1/123
f 476/1/123 474/1/123 471/1/123
f 479/1/149 475/1/149 474/1/149
f 475/1/149 479/1/149 480/1/149
f 481/1/25 474/1/25 478/1/25
f 474/1/25 481/1/25 475/1/25
f 472/1/120 481/1/120 477/1/120
f 481/1/120 472/1/120 475/1/120
f 481/1/150 476/1/150 477/1/150
f 476/1/150 481/1/150 478/1/150
f 266/1/149 480/1/149 479/1/149
f 480/1/149 266/1/149 482/1/149
f 480/1/27 483/1/27 479/1/27
f 483/1/27 480/1/27 49/1/27
f 266/1/123 483/1/123 484/1/123
f 483/1/123 266/1/123 479/1/123
f 485/1/25 266/1/25 484/1/25
f 266/1/25 485/1/25 482/1/25
f 480/1/120 485/1/120 49/1/120
f 485/1/120 480/1/120 482/1/120
f 485/1/150 483/1/150 49/1/150
f 483/1/150 485/1/150 484/1/150
f 462/1/150 326/1/150 45/1/150
f 47/1/150 45/1/150 326/1/150
f 41/1/25 45/1/25 43/1/25
f 47/1/25 43/1/25 45/1/25
f 47/1/120 326/1/120 43/1/120
f 463/1/120 43/1/120 326/1/120
f 462/1/27 464/1/27 326/1/27
f 463/1/27 326/1/27 464/1/27
f 466/1/150 465/1/150 462/1/150
f 326/1/150 462/1/150 465/1/150
f 462/1/123 45/1/123 464/1/123
f 41/1/123 464/1/123 45/1/123
f 463/1/149 464/1/149 43/1/149
f 41/1/149 43/1/149 464/1/149
f 467/1/150 311/1/150 466/1/150
f 465/1/150 466/1/150 311/1/150
f 469/1/25 466/1/25 468/1/25
f 465/1/25 468/1/25 466/1/25
f 465/1/120 311/1/120 468/1/120
f 470/1/120 468/1/120 311/1/120
f 472/1/150 471/1/150 467/1/150
f 311/1/150 467/1/150 471/1/150
f 467/1/27 473/1/27 311/1/27
f 470/1/27 311/1/27 473/1/27
f 467/1/123 466/1/123 473/1/123
f 469/1/123 473/1/123 466/1/123
f 470/1/149 473/1/149 468/1/149
f 469/1/149 468/1/149 473/1/149
f 475/1/150 474/1/150 472/1/150
f 471/1/150 472/1/150 474/1/150
f 477/1/25 472/1/25 476/1/25
f 471/1/25 476/1/25 472/1/25
f 471/1/120 474/1/120 476/1/120
f 478/1/120 476/1/120 474/1/120
f 480/1/150 479/1/150 475/1/150
f 474/1/150 475/1/150 479/1/150
f 475/1/27 481/1/27 474/1/27
f 478/1/27 474/1/27 481/1/27
f 475/1/123 472/1/123 481/1/123
f 477/1/123 481/1/123 472/1/123
f 478/1/149 481/1/149 476/1/149
f 477/1/149 476/1/149 481/1/149
f 482/1/150 266/1/150 480/1/150
f 479/1/150 480/1/150 266/1/150
f 49/1/25 480/1/25 483/1/25
f 479/1/25 483/1/25 480/1/25
f 479/1/120 266/1/120 483/1/120
f 484/1/120 483/1/120 266/1/120
f 482/1/27 485/1/27 266/1/27
f 484/1/27 266/1/27 485/1/27
f 482/1/123 480/1/123 485/1/123
f 49/1/123 485/1/123 480/1/123
f 484/1/149 485/1/149 483/1/149
f 49/1/149 483/1/149 485/1/149
f 474/1/25 486/1/25 487/1/25
f 486/1/25 474/1/25 488/1/25
f 489/1/102 488/1/102 490/1/102
f 488/1/102 489/1/102 486/1/102
f 486/1/119 491/1/119 487/1/119
f 491/1/119 486/1/119 489/1/119
f 474/1/120 491/1/120 492/1/120
f 491/1/120 474/1/120 487/1/120
f 490/1/121 474/1/121 492/1/121
f 474/1/121 490/1/121 488/1/121
f 489/1/27 492/1/27 491/1/27
f 492/1/27 489/1/27 490/1/27
f 488/1/27 474/1/27 486/1/27
f 487/1/27 486/1/27 474/1/27
f 486/1/103 489/1/103 488/1/103
f 490/1/103 488/1/103 489/1/103
f 489/1/122 486/1/122 491/1/122
f 487/1/122 491/1/122 486/1/122
f 487/1/123 474/1/123 491/1/123
f 492/1/123 491/1/123 474/1/123
f 488/1/124 490/1/124 474/1/124
f 492/1/124 474/1/124 490/1/124
f 490/1/25 489/1/25 492/1/25
f 491/1/25 492/1/25 489/1/25
f 493/1/27 494/1/27 495/1/27
f 494/1/27 493/1/27 219/1/27
f 496/1/120 495/1/120 494/1/120
f 495/1/120 496/1/120 497/1/120
f 497/1/125 493/1/125 495/1/125
f 493/1/125 497/1/125 498/1/125
f 493/1/102 499/1/102 219/1/102
f 499/1/102 493/1/102 498/1/102
f 499/1/126 494/1/126 219/1/126
f 494/1/126 499/1/126 496/1/126
f 496/1/25 498/1/25 497/1/25
f 498/1/25 496/1/25 499/1/25
f 219/1/25 493/1/25 494/1/25
f 495/1/25 494/1/25 493/1/25
f 497/1/123 496/1/123 495/1/123
f 494/1/123 495/1/123 496/1/123
f 498/1/127 497/1/127 493/1/127
f 495/1/127 493/1/127 497/1/127
f 498/1/103 493/1/103 499/1/103
f 219/1/103 499/1/103 493/1/103
f 496/1/128 499/1/128 494/1/128
f 219/1/128 494/1/128 499/1/128
f 499/1/27 496/1/27 498/1/27
f 497/1/27 498/1/27 496/1/27
f 500/1/105 501/1/105 502/1/105
f 501/1/105 500/1/105 503/1/105
f 502/1/27 504/1/27 505/1/27
f 504/1/27 502/1/27 501/1/27
f 506/1/106 502/1/106 505/1/106
f 502/1/106 506/1/106 500/1/106
f 507/1/25 500/1/25 506/1/25
f 500/1/25 507/1/25 503/1/25
f 501/1/107 507/1/107 504/1/107
f 507/1/107 501/1/107 503/1/107
f 507/1/108 505/1/108 504/1/108
f 505/1/108 507/1/108 506/1/108
f 503/1/108 500/1/108 501/1/108
f 502/1/108 501/1/108 500/1/108
f 501/1/25 502/1/25 504/1/25
f 505/1/25 504/1/25 502/1/25
f 500/1/107 506/1/107 502/1/107
f 505/1/107 502/1/107 506/1/107
f 503/1/27 507/1/27 500/1/27
f 506/1/27 500/1/27 507/1/27
f 503/1/106 501/1/106 507/1/106
f 504/1/106 507/1/106 501/1/106
f 506/1/105 507/1/105 505/1/105
f 504/1/105 505/1/105 507/1/105
f 508/1/105 509/1/105 510/1/105
f 509/1/105 508/1/105 511/1/105
f 512/1/25 508/1/25 513/1/25
f 508/1/25 512/1/25 511/1/25
f 514/1/109 511/1/109 512/1/109
f 511/1/109 514/1/109 509/1/109
f 510/1/27 514/1/27 515/1/27
f 514/1/27 510/1/27 509/1/27
f 508/1/110 515/1/110 513/1/110
f 515/1/110 508/1/110 510/1/110
f 512/1/108 515/1/108 514/1/108
f 515/1/108 512/1/108 513/1/108
f 511/1/108 508/1/108 509/1/108
f 510/1/108 509/1/108 508/1/108
f 511/1/27 512/1/27 508/1/27
f 513/1/27 508/1/27 512/1/27
f 509/1/110 514/1/110 511/1/110
f 512/1/110 511/1/110 514/1/110
f 509/1/25 510/1/25 514/1/25
f 515/1/25 514/1/25 510/1/25
f 510/1/109 508/1/109 515/1/109
f 513/1/109 515/1/109 508/1/109
f 513/1/105 512/1/105 515/1/105
f 514/1/105 515/1/105 512/1/105
f 516/1/102 517/1/102 518/1/102
f 517/1/102 516/1/102 519/1/102
f 518/1/27 520/1/27 210/1/27
f 520/1/27 518/1/27 517/1/27
f 521/1/141 518/1/141 210/1/141
f 518/1/141 521/1/141 516/1/141
f 522/1/25 516/1/25 521/1/25
f 516/1/25 522/1/25 519/1/25
f 517/1/142 522/1/142 520/1/142
f 522/1/142 517/1/142 519/1/142
f 522/1/103 210/1/103 520/1/103
f 210/1/103 522/1/103 521/1/103
f 519/1/103 516/1/103 517/1/103
f 518/1/103 517/1/103 516/1/103
f 517/1/25 518/1/25 520/1/25
f 210/1/25 520/1/25 518/1/25
f 516/1/142 521/1/142 518/1/142
f 210/1/142 518/1/142 521/1/142
f 519/1/27 522/1/27 516/1/27
f 521/1/27 516/1/27 522/1/27
f 519/1/141 517/1/141 522/1/141
f 520/1/141 522/1/141 517/1/141
f 521/1/102 522/1/102 210/1/102
f 520/1/102 210/1/102 522/1/102
f 523/1/102 524/1/102 525/1/102
f 524/1/102 523/1/102 211/1/102
f 526/1/25 523/1/25 527/1/25
f 523/1/25 526/1/25 211/1/25
f 528/1/143 211/1/143 526/1/143
f 211/1/143 528/1/143 524/1/143
f 525/1/27 528/1/27 529/1/27
f 528/1/27 525/1/27 524/1/27
f 523/1/144 529/1/144 527/1/144
f 529/1/144 523/1/144 525/1/144
f 526/1/103 529/1/103 528/1/103
f 529/1/103 526/1/103 527/1/103
f 211/1/103 523/1/103 524/1/103
f 525/1/103 524/1/103 523/1/103
f 211/1/27 526/1/27 523/1/27
f 527/1/27 523/1/27 526/1/27
f 524/1/144 528/1/144 211/1/144
f 526/1/144 211/1/144 528/1/144
f 524/1/25 525/1/25 528/1/25
f 529/1/25 528/1/25 525/1/25
f 525/1/143 523/1/143 529/1/143
f 527/1/143 529/1/143 523/1/143
f 527/1/102 526/1/102 529/1/102
f 528/1/102 529/1/102 526/1/102
f 327/1/104 530/1/104 531/1/104
f 530/1/104 327/1/104 532/1/104
f 530/1/27 533/1/27 531/1/27
f 533/1/27 530/1/27 534/1/27
f 327/1/103 533/1/103 535/1/103
f 533/1/103 327/1/103 531/1/103
f 524/1/25 327/1/25 535/1/25
f 327/1/25 524/1/25 532/1/25
f 521/1/104 532/1/104 327/1/104
f 532/1/104 521/1/104 260/1/104
f 530/1/102 524/1/102 534/1/102
f 524/1/102 530/1/102 532/1/102
f 524/1/101 533/1/101 534/1/101
f 533/1/101 524/1/101 535/1/101
f 312/1/104 260/1/104 521/1/104
f 260/1/104 312/1/104 536/1/104
f 260/1/27 537/1/27 521/1/27
f 537/1/27 260/1/27 538/1/27
f 312/1/103 537/1/103 539/1/103
f 537/1/103 312/1/103 521/1/103
f 376/1/104 536/1/104 312/1/104
f 536/1/104 376/1/104 540/1/104
f 379/1/25 312/1/25 539/1/25
f 312/1/25 379/1/25 536/1/25
f 260/1/102 379/1/102 538/1/102
f 379/1/102 260/1/102 536/1/102
f 379/1/101 537/1/101 538/1/101
f 537/1/101 379/1/101 539/1/101
f 486/1/104 540/1/104 376/1/104
f 540/1/104 486/1/104 541/1/104
f 540/1/27 542/1/27 376/1/27
f 542/1/27 540/1/27 543/1/27
f 486/1/103 542/1/103 544/1/103
f 542/1/103 486/1/103 376/1/103
f 302/1/104 541/1/104 486/1/104
f 541/1/104 302/1/104 545/1/104
f 305/1/25 486/1/25 544/1/25
f 486/1/25 305/1/25 541/1/25
f 540/1/102 305/1/102 543/1/102
f 305/1/102 540/1/102 541/1/102
f 305/1/101 542/1/101 543/1/101
f 542/1/101 305/1/101 544/1/101
f 267/1/104 545/1/104 302/1/104
f 545/1/104 267/1/104 546/1/104
f 545/1/27 547/1/27 302/1/27
f 547/1/27 545/1/27 548/1/27
f 267/1/103 547/1/103 549/1/103
f 547/1/103 267/1/103 302/1/103
f 550/1/25 267/1/25 549/1/25
f 267/1/25 550/1/25 546/1/25
f 545/1/102 550/1/102 548/1/102
f 550/1/102 545/1/102 546/1/102
f 550/1/101 547/1/101 548/1/101
f 547/1/101 550/1/101 549/1/101
f 532/1/101 327/1/101 530/1/101
f 531/1/101 530/1/101 327/1/101
f 534/1/25 530/1/25 533/1/25
f 531/1/25 533/1/25 530/1/25
f 531/1/102 327/1/102 533/1/102
f 535/1/102 533/1/102 327/1/102
f 532/1/27 524/1/27 327/1/27
f 535/1/27 327/1/27 524/1/27
f 260/1/101 521/1/101 532/1/101
f 327/1/101 532/1/101 521/1/101
f 532/1/103 530/1/103 524/1/103
f 534/1/103 524/1/103 530/1/103
f 535/1/104 524/1/104 533/1/104
f 534/1/104 533/1/104 524/1/104
f 536/1/101 312/1/101 260/1/101
f 521/1/101 260/1/101 312/1/101
f 538/1/25 260/1/25 537/1/25
f 521/1/25 537/1/25 260/1/25
f 521/1/102 312/1/102 537/1/102
f 539/1/102 537/1/102 312/1/102
f 540/1/101 376/1/101 536/1/101
f 312/1/101 536/1/101 376/1/101
f 536/1/27 379/1/27 312/1/27
f 539/1/27 312/1/27 379/1/27
f 536/1/103 260/1/103 379/1/103
f 538/1/103 379/1/103 260/1/103
f 539/1/104 379/1/104 537/1/104
f 538/1/104 537/1/104 379/1/104
f 541/1/101 486/1/101 540/1/101
f 376/1/101 540/1/101 486/1/101
f 543/1/25 540/1/25 542/1/25
f 376/1/25 542/1/25 540/1/25
f 376/1/102 486/1/102 542/1/102
f 544/1/102 542/1/102 486/1/102
f 545/1/101 302/1/101 541/1/101
f 486/1/101 541/1/101 302/1/101
f 541/1/27 305/1/27 486/1/27
f 544/1/27 486/1/27 305/1/27
f 541/1/103 540/1/103 305/1/103
f 543/1/103 305/1/103 540/1/103
f 544/1/104 305/1/104 542/1/104
f 543/1/104 542/1/104 305/1/104
f 546/1/101 267/1/101 545/1/101
f 302/1/101 545/1/101 267/1/101
f 548/1/25 545/1/25 547/1/25
f 302/1/25 547/1/25 545/1/25
f 302/1/102 267/1/102 547/1/102
f 549/1/102 547/1/102 267/1/102
f 546/1/27 550/1/27 267/1/27
f 549/1/27 267/1/27 550/1/27
f 546/1/103 545/1/103 550/1/103
f 548/1/103 550/1/103 545/1/103
f 549/1/104 550/1/104 547/1/104
f 548/1/104 547/1/104 550/1/104
f 358/1/25 551/1/25 552/1/25
f 551/1/25 358/1/25 553/1/25
f 554/1/123 553/1/123 555/1/123
f 553/1/123 554/1/123 551/1/123
f 551/1/151 556/1/151 552/1/151
f 556/1/151 551/1/151 554/1/151
f 358/1/133 556/1/133 557/1/133
f 556/1/133 358/1/133 552/1/133
f 555/1/152 358/1/152 557/1/152
f 358/1/152 555/1/152 553/1/152
f 554/1/27 557/1/27 556/1/27
f 557/1/27 554/1/27 555/1/27
f 553/1/27 358/1/27 551/1/27
f 552/1/27 551/1/27 358/1/27
f 551/1/120 554/1/120 553/1/120
f 555/1/120 553/1/120 554/1/120
f 554/1/153 551/1/153 556/1/153
f 552/1/153 556/1/153 551/1/153
f 552/1/129 358/1/129 556/1/129
f 557/1/129 556/1/129 358/1/129
f 553/1/154 555/1/154 358/1/154
f 557/1/154 358/1/154 555/1/154
f 555/1/25 554/1/25 557/1/25
f 556/1/25 557/1/25 554/1/25
f 558/1/27 559/1/27 417/1/27
f 559/1/27 558/1/27 472/1/27
f 560/1/133 417/1/133 559/1/133
f 417/1/133 560/1/133 561/1/133
f 561/1/155 558/1/155 417/1/155
f 558/1/155 561/1/155 562/1/155
f 558/1/123 563/1/123 472/1/123
f 563/1/123 558/1/123 562/1/123
f 563/1/156 559/1/156 472/1/156
f 559/1/156 563/1/156 560/1/156
f 560/1/25 562/1/25 561/1/25
f 562/1/25 560/1/25 563/1/25
f 472/1/25 558/1/25 559/1/25
f 417/1/25 559/1/25 558/1/25
f 561/1/129 560/1/129 417/1/129
f 559/1/129 417/1/129 560/1/129
f 562/1/157 561/1/157 558/1/157
f 417/1/157 558/1/157 561/1/157
f 562/1/120 558/1/120 563/1/120
f 472/1/120 563/1/120 558/1/120
f 560/1/158 563/1/158 559/1/158
f 472/1/158 559/1/158 563/1/158
f 563/1/27 560/1/27 562/1/27
f 561/1/27 562/1/27 560/1/27
f 564/1/150 336/1/150 565/1/150
f 336/1/150 564/1/150 566/1/150
f 336/1/27 567/1/27 565/1/27
f 567/1/27 336/1/27 568/1/27
f 564/1/120 567/1/120 569/1/120
f 567/1/120 564/1/120 565/1/120
f 570/1/25 564/1/25 569/1/25
f 564/1/25 570/1/25 566/1/25
f 571/1/150 566/1/150 564/1/150
f 566/1/150 571/1/150 321/1/150
f 336/1/123 570/1/123 568/1/123
f 570/1/123 336/1/123 566/1/123
f 570/1/149 567/1/149 568/1/149
f 567/1/149 570/1/149 569/1/149
f 572/1/150 321/1/150 571/1/150
f 321/1/150 572/1/150 573/1/150
f 321/1/27 574/1/27 571/1/27
f 574/1/27 321/1/27 575/1/27
f 572/1/120 574/1/120 576/1/120
f 574/1/120 572/1/120 571/1/120
f 577/1/150 573/1/150 572/1/150
f 573/1/150 577/1/150 495/1/150
f 578/1/25 572/1/25 576/1/25
f 572/1/25 578/1/25 573/1/25
f 321/1/123 578/1/123 575/1/123
f 578/1/123 321/1/123 573/1/123
f 578/1/149 574/1/149 575/1/149
f 574/1/149 578/1/149 576/1/149
f 551/1/150 495/1/150 577/1/150
f 495/1/150 551/1/150 579/1/150
f 495/1/27 580/1/27 577/1/27
f 580/1/27 495/1/27 581/1/27
f 551/1/120 580/1/120 582/1/120
f 580/1/120 551/1/120 577/1/120
f 583/1/150 579/1/150 551/1/150
f 579/1/150 583/1/150 276/1/150
f 584/1/25 551/1/25 582/1/25
f 551/1/25 584/1/25 579/1/25
f 495/1/123 584/1/123 581/1/123
f 584/1/123 495/1/123 579/1/123
f 584/1/149 580/1/149 581/1/149
f 580/1/149 584/1/149 582/1/149
f 53/1/150 276/1/150 583/1/150
f 276/1/150 53/1/150 585/1/150
f 276/1/27 586/1/27 583/1/27
f 586/1/27 276/1/27 587/1/27
f 53/1/120 586/1/120 588/1/120
f 586/1/120 53/1/120 583/1/120
f 589/1/25 53/1/25 588/1/25
f 53/1/25 589/1/25 585/1/25
f 276/1/123 589/1/123 587/1/123
f 589/1/123 276/1/123 585/1/123
f 589/1/149 586/1/149 587/1/149
f 586/1/149 589/1/149 588/1/149
f 566/1/149 564/1/149 336/1/149
f 565/1/149 336/1/149 564/1/149
f 568/1/25 336/1/25 567/1/25
f 565/1/25 567/1/25 336/1/25
f 565/1/123 564/1/123 567/1/123
f 569/1/123 567/1/123 564/1/123
f 566/1/27 570/1/27 564/1/27
f 569/1/27 564/1/27 570/1/27
f 321/1/149 571/1/149 566/1/149
f 564/1/149 566/1/149 571/1/149
f 566/1/120 336/1/120 570/1/120
f 568/1/120 570/1/120 336/1/120
f 569/1/150 570/1/150 567/1/150
f 568/1/150 567/1/150 570/1/150
f 573/1/149 572/1/149 321/1/149
f 571/1/149 321/1/149 572/1/149
f 575/1/25 321/1/25 574/1/25
f 571/1/25 574/1/25 321/1/25
f 571/1/123 572/1/123 574/1/123
f 576/1/123 574/1/123 572/1/123
f 495/1/149 577/1/149 573/1/149
f 572/1/149 573/1/149 577/1/149
f 573/1/27 578/1/27 572/1/27
f 576/1/27 572/1/27 578/1/27
f 573/1/120 321/1/120 578/1/120
f 575/1/120 578/1/120 321/1/120
f 576/1/150 578/1/150 574/1/150
f 575/1/150 574/1/150 578/1/150
f 579/1/149 551/1/149 495/1/149
f 577/1/149 495/1/149 551/1/149
f 581/1/25 495/1/25 580/1/25
f 577/1/25 580/1/25 495/1/25
f 577/1/123 551/1/123 580/1/123
f 582/1/123 580/1/123 551/1/123
f 276/1/149 583/1/149 579/1/149
f 551/1/149 579/1/149 583/1/149
f 579/1/27 584/1/27 551/1/27
f 582/1/27 551/1/27 584/1/27
f 579/1/120 495/1/120 584/1/120
f 581/1/120 584/1/120 495/1/120
f 582/1/150 584/1/150 580/1/150
f 581/1/150 580/1/150 584/1/150
f 585/1/149 53/1/149 276/1/149
f 583/1/149 276/1/149 53/1/149
f 587/1/25 276/1/25 586/1/25
f 583/1/25 586/1/25 276/1/25
f 583/1/123 53/1/123 586/1/123
f 588/1/123 586/1/123 53/1/123
f 585/1/27 589/1/27 53/1/27
f 588/1/27 53/1/27 589/1/27
f 585/1/120 276/1/120 589/1/120
f 587/1/120 589/1/120 276/1/120
f 588/1/150 589/1/150 586/1/150
f 587/1/150 586/1/150 589/1/150
f 341/1/25 564/1/25 590/1/25
f 564/1/25 341/1/25 591/1/25
f 592/1/123 591/1/123 593/1/123
f 591/1/123 592/1/123 564/1/123
f 564/1/151 594/1/151 590/1/151
f 594/1/151 564/1/151 592/1/151
f 341/1/133 594/1/133 595/1/133
f 594/1/133 341/1/133 590/1/133
f 593/1/152 341/1/152 595/1/152
f 341/1/152 593/1/152 591/1/152
f 592/1/27 595/1/27 594/1/27
f 595/1/27 592/1/27 593/1/27
f 591/1/27 341/1/27 564/1/27
f 590/1/27 564/1/27 341/1/27
f 564/1/120 592/1/120 591/1/120
f 593/1/120 591/1/120 592/1/120
f 592/1/153 564/1/153 594/1/153
f 590/1/153 594/1/153 564/1/153
f 590/1/129 341/1/129 594/1/129
f 595/1/129 594/1/129 341/1/129
f 591/1/154 593/1/154 341/1/154
f 595/1/154 341/1/154 593/1/154
f 593/1/25 592/1/25 595/1/25
f 594/1/25 595/1/25 592/1/25
f 40/1/27 596/1/27 402/1/27
f 596/1/27 40/1/27 45/1/27
f 597/1/133 402/1/133 596/1/133
f 402/1/133 597/1/133 598/1/133
f 598/1/155 40/1/155 402/1/155
f 40/1/155 598/1/155 599/1/155
f 40/1/123 600/1/123 45/1/123
f 600/1/123 40/1/123 599/1/123
f 600/1/156 596/1/156 45/1/156
f 596/1/156 600/1/156 597/1/156
f 597/1/25 599/1/25 598/1/25
f 599/1/25 597/1/25 600/1/25
f 45/1/25 40/1/25 596/1/25
f 402/1/25 596/1/25 40/1/25
f 598/1/129 597/1/129 402/1/129
f 596/1/129 402/1/129 597/1/129
f 599/1/157 598/1/157 40/1/157
f 402/1/157 40/1/157 598/1/157
f 599/1/120 40/1/120 600/1/120
f 45/1/120 600/1/120 40/1/120
f 597/1/158 600/1/158 596/1/158
f 45/1/158 596/1/158 600/1/158
f 600/1/27 597/1/27 599/1/27
f 598/1/27 599/1/27 597/1/27
f 601/1/135 602/1/135 603/1/135
f 602/1/135 601/1/135 604/1/135
f 603/1/27 605/1/27 606/1/27
f 605/1/27 603/1/27 602/1/27
f 446/1/159 603/1/159 606/1/159
f 603/1/159 446/1/159 601/1/159
f 607/1/25 601/1/25 446/1/25
f 601/1/25 607/1/25 604/1/25
f 602/1/160 607/1/160 605/1/160
f 607/1/160 602/1/160 604/1/160
f 607/1/131 606/1/131 605/1/131
f 606/1/131 607/1/131 446/1/131
f 604/1/131 601/1/131 602/1/131
f 603/1/131 602/1/131 601/1/131
f 602/1/25 603/1/25 605/1/25
f 606/1/25 605/1/25 603/1/25
f 601/1/160 446/1/160 603/1/160
f 606/1/160 603/1/160 446/1/160
f 604/1/27 607/1/27 601/1/27
f 446/1/27 601/1/27 607/1/27
f 604/1/159 602/1/159 607/1/159
f 605/1/159 607/1/159 602/1/159
f 446/1/135 607/1/135 606/1/135
f 605/1/135 606/1/135 607/1/135
f 608/1/135 447/1/135 609/1/135
f 447/1/135 608/1/135 610/1/135
f 611/1/25 608/1/25 612/1/25
f 608/1/25 611/1/25 610/1/25
f 613/1/161 610/1/161 611/1/161
f 610/1/161 613/1/161 447/1/161
f 609/1/27 613/1/27 614/1/27
f 613/1/27 609/1/27 447/1/27
f 608/1/162 614/1/162 612/1/162
f 614/1/162 608/1/162 609/1/162
f 611/1/131 614/1/131 613/1/131
f 614/1/131 611/1/131 612/1/131
f 610/1/131 608/1/131 447/1/131
f 609/1/131 447/1/131 608/1/131
f 610/1/27 611/1/27 608/1/27
f 612/1/27 608/1/27 611/1/27
f 447/1/162 613/1/162 610/1/162
f 611/1/162 610/1/162 613/1/162
f 447/1/25 609/1/25 613/1/25
f 614/1/25 613/1/25 609/1/25
f 609/1/161 608/1/161 614/1/161
f 612/1/161 614/1/161 608/1/161
f 612/1/135 611/1/135 614/1/135
f 613/1/135 614/1/135 611/1/135
f 229/1/25 615/1/25 616/1/25
f 615/1/25 229/1/25 617/1/25
f 618/1/105 617/1/105 619/1/105
f 617/1/105 618/1/105 615/1/105
f 615/1/111 620/1/111 616/1/111
f 620/1/111 615/1/111 618/1/111
f 229/1/103 620/1/103 621/1/103
f 620/1/103 229/1/103 616/1/103
f 619/1/112 229/1/112 621/1/112
f 229/1/112 619/1/112 617/1/112
f 618/1/27 621/1/27 620/1/27
f 621/1/27 618/1/27 619/1/27
f 617/1/27 229/1/27 615/1/27
f 616/1/27 615/1/27 229/1/27
f 615/1/108 618/1/108 617/1/108
f 619/1/108 617/1/108 618/1/108
f 618/1/113 615/1/113 620/1/113
f 616/1/113 620/1/113 615/1/113
f 616/1/102 229/1/102 620/1/102
f 621/1/102 620/1/102 229/1/102
f 617/1/114 619/1/114 229/1/114
f 621/1/114 229/1/114 619/1/114
f 619/1/25 618/1/25 621/1/25
f 620/1/25 621/1/25 618/1/25
f 622/1/27 623/1/27 545/1/27
f 623/1/27 622/1/27 624/1/27
f 625/1/103 545/1/103 623/1/103
f 545/1/103 625/1/103 626/1/103
f 626/1/115 622/1/115 545/1/115
f 622/1/115 626/1/115 627/1/115
f 622/1/105 628/1/105 624/1/105
f 628/1/105 622/1/105 627/1/105
f 628/1/116 623/1/116 624/1/116
f 623/1/116 628/1/116 625/1/116
f 625/1/25 627/1/25 626/1/25
f 627/1/25 625/1/25 628/1/25
f 624/1/25 622/1/25 623/1/25
f 545/1/25 623/1/25 622/1/25
f 626/1/102 625/1/102 545/1/102
f 623/1/102 545/1/102 625/1/102
f 627/1/117 626/1/117 622/1/117
f 545/1/117 622/1/117 626/1/117
f 627/1/108 622/1/108 628/1/108
f 624/1/108 628/1/108 622/1/108
f 625/1/118 628/1/118 623/1/118
f 624/1/118 623/1/118 628/1/118
f 628/1/27 625/1/27 627/1/27
f 626/1/27 627/1/27 625/1/27
f 629/1/135 630/1/135 631/1/135
f 630/1/135 629/1/135 632/1/135
f 631/1/27 633/1/27 634/1/27
f 633/1/27 631/1/27 630/1/27
f 453/1/159 631/1/159 634/1/159
f 631/1/159 453/1/159 629/1/159
f 635/1/25 629/1/25 453/1/25
f 629/1/25 635/1/25 632/1/25
f 630/1/160 635/1/160 633/1/160
f 635/1/160 630/1/160 632/1/160
f 635/1/131 634/1/131 633/1/131
f 634/1/131 635/1/131 453/1/131
f 632/1/131 629/1/131 630/1/131
f 631/1/131 630/1/131 629/1/131
f 630/1/25 631/1/25 633/1/25
f 634/1/25 633/1/25 631/1/25
f 629/1/160 453/1/160 631/1/160
f 634/1/160 631/1/160 453/1/160
f 632/1/27 635/1/27 629/1/27
f 453/1/27 629/1/27 635/1/27
f 632/1/159 630/1/159 635/1/159
f 633/1/159 635/1/159 630/1/159
f 453/1/135 635/1/135 634/1/135
f 633/1/135 634/1/135 635/1/135
f 636/1/135 455/1/135 637/1/135
f 455/1/135 636/1/135 638/1/135
f 639/1/25 636/1/25 640/1/25
f 636/1/25 639/1/25 638/1/25
f 641/1/161 638/1/161 639/1/161
f 638/1/161 641/1/161 455/1/161
f 637/1/27 641/1/27 642/1/27
f 641/1/27 637/1/27 455/1/27
f 636/1/162 642/1/162 640/1/162
f 642/1/162 636/1/162 637/1/162
f 639/1/131 642/1/131 641/1/131
f 642/1/131 639/1/131 640/1/131
f 638/1/131 636/1/131 455/1/131
f 637/1/131 455/1/131 636/1/131
f 638/1/27 639/1/27 636/1/27
f 640/1/27 636/1/27 639/1/27
f 455/1/162 641/1/162 638/1/162
f 639/1/162 638/1/162 641/1/162
f 455/1/25 637/1/25 641/1/25
f 642/1/25 641/1/25 637/1/25
f 637/1/161 636/1/161 642/1/161
f 640/1/161 642/1/161 636/1/161
f 640/1/135 639/1/135 642/1/135
f 641/1/135 642/1/135 639/1/135
f 643/1/123 644/1/123 645/1/123
f 644/1/123 643/1/123 646/1/123
f 645/1/27 647/1/27 481/1/27
f 647/1/27 645/1/27 644/1/27
f 583/1/163 645/1/163 481/1/163
f 645/1/163 583/1/163 643/1/163
f 648/1/25 643/1/25 583/1/25
f 643/1/25 648/1/25 646/1/25
f 644/1/164 648/1/164 647/1/164
f 648/1/164 644/1/164 646/1/164
f 648/1/120 481/1/120 647/1/120
f 481/1/120 648/1/120 583/1/120
f 646/1/120 643/1/120 644/1/120
f 645/1/120 644/1/120 643/1/120
f 644/1/25 645/1/25 647/1/25
f 481/1/25 647/1/25 645/1/25
f 643/1/164 583/1/164 645/1/164
f 481/1/164 645/1/164 583/1/164
f 646/1/27 648/1/27 643/1/27
f 583/1/27 643/1/27 648/1/27
f 646/1/163 644/1/163 648/1/163
f 647/1/163 648/1/163 644/1/163
f 583/1/123 648/1/123 481/1/123
f 647/1/123 481/1/123 648/1/123
f 649/1/123 584/1/123 650/1/123
f 584/1/123 649/1/123 479/1/123
f 651/1/25 649/1/25 652/1/25
f 649/1/25 651/1/25 479/1/25
f 653/1/165 479/1/165 651/1/165
f 479/1/165 653/1/165 584/1/165
f 650/1/27 653/1/27 654/1/27
f 653/1/27 650/1/27 584/1/27
f 649/1/166 654/1/166 652/1/166
f 654/1/166 649/1/166 650/1/166
f 651/1/120 654/1/120 653/1/120
f 654/1/120 651/1/120 652/1/120
f 479/1/120 649/1/120 584/1/120
f 650/1/120 584/1/120 649/1/120
f 479/1/27 651/1/27 649/1/27
f 652/1/27 649/1/27 651/1/27
f 584/1/166 653/1/166 479/1/166
f 651/1/166 479/1/166 653/1/166
f 584/1/25 650/1/25 653/1/25
f 654/1/25 653/1/25 650/1/25
f 650/1/165 649/1/165 654/1/165
f 652/1/165 654/1/165 649/1/165
f 652/1/123 651/1/123 654/1/123
f 653/1/123 654/1/123 651/1/123
f 655/1/148 656/1/148 657/1/148
f 656/1/148 655/1/148 658/1/148
f 656/1/27 659/1/27 657/1/27
f 659/1/27 656/1/27 660/1/27
f 655/1/135 659/1/135 661/1/135
f 659/1/135 655/1/135 657/1/135
f 662/1/25 655/1/25 661/1/25
f 655/1/25 662/1/25 658/1/25
f 663/1/148 658/1/148 655/1/148
f 658/1/148 663/1/148 664/1/148
f 656/1/131 662/1/131 660/1/131
f 662/1/131 656/1/131 658/1/131
f 662/1/147 659/1/147 660/1/147
f 659/1/147 662/1/147 661/1/147
f 665/1/148 664/1/148 663/1/148
f 664/1/148 665/1/148 666/1/148
f 664/1/27 667/1/27 663/1/27
f 667/1/27 664/1/27 668/1/27
f 665/1/135 667/1/135 669/1/135
f 667/1/135 665/1/135 663/1/135
f 610/1/148 666/1/148 665/1/148
f 666/1/148 610/1/148 670/1/148
f 606/1/25 665/1/25 669/1/25
f 665/1/25 606/1/25 666/1/25
f 664/1/131 606/1/131 668/1/131
f 606/1/131 664/1/131 666/1/131
f 606/1/147 667/1/147 668/1/147
f 667/1/147 606/1/147 669/1/147
f 281/1/148 670/1/148 610/1/148
f 670/1/148 281/1/148 671/1/148
f 670/1/27 672/1/27 610/1/27
f 672/1/27 670/1/27 673/1/27
f 281/1/135 672/1/135 674/1/135
f 672/1/135 281/1/135 610/1/135
f 638/1/148 671/1/148 281/1/148
f 671/1/148 638/1/148 675/1/148
f 634/1/25 281/1/25 674/1/25
f 281/1/25 634/1/25 671/1/25
f 670/1/131 634/1/131 673/1/131
f 634/1/131 670/1/131 671/1/131
f 634/1/147 672/1/147 673/1/147
f 672/1/147 634/1/147 674/1/147
f 676/1/148 675/1/148 638/1/148
f 675/1/148 676/1/148 677/1/148
f 675/1/27 678/1/27 638/1/27
f 678/1/27 675/1/27 679/1/27
f 676/1/135 678/1/135 680/1/135
f 678/1/135 676/1/135 638/1/135
f 681/1/25 676/1/25 680/1/25
f 676/1/25 681/1/25 677/1/25
f 675/1/131 681/1/131 679/1/131
f 681/1/131 675/1/131 677/1/131
f 681/1/147 678/1/147 679/1/147
f 678/1/147 681/1/147 680/1/147
f 658/1/147 655/1/147 656/1/147
f 657/1/147 656/1/147 655/1/147
f 660/1/25 656/1/25 659/1/25
f 657/1/25 659/1/25 656/1/25
f 657/1/131 655/1/131 659/1/131
f 661/1/131 659/1/131 655/1/131
f 658/1/27 662/1/27 655/1/27
f 661/1/27 655/1/27 662/1/27
f 664/1/147 663/1/147 658/1/147
f 655/1/147 658/1/147 663/1/147
f 658/1/135 656/1/135 662/1/135
f 660/1/135 662/1/135 656/1/135
f 661/1/148 662/1/148 659/1/148
f 660/1/148 659/1/148 662/1/148
f 666/1/147 665/1/147 664/1/147
f 663/1/147 664/1/147 665/1/147
f 668/1/25 664/1/25 667/1/25
f 663/1/25 667/1/25 664/1/25
f 663/1/131 665/1/131 667/1/131
f 669/1/131 667/1/131 665/1/131
f 670/1/147 610/1/147 666/1/147
f 665/1/147 666/1/147 610/1/147
f 666/1/27 606/1/27 665/1/27
f 669/1/27 665/1/27 606/1/27
f 666/1/135 664/1/135 606/1/135
f 668/1/135 606/1/135 664/1/135
f 669/1/148 606/1/148 667/1/148
f 668/1/148 667/1/148 606/1/148
f 671/1/147 281/1/147 670/1/147
f 610/1/147 670/1/147 281/1/147
f 673/1/25 670/1/25 672/1/25
f 610/1/25 672/1/25 670/1/25
f 610/1/131 281/1/131 672/1/131
f 674/1/131 672/1/131 281/1/131
f 675/1/147 638/1/147 671/1/147
f 281/1/147 671/1/147 638/1/147
f 671/1/27 634/1/27 281/1/27
f 674/1/27 281/1/27 634/1/27
f 671/1/135 670/1/135 634/1/135
f 673/1/135 634/1/135 670/1/135
f 674/1/148 634/1/148 672/1/148
f 673/1/148 672/1/148 634/1/148
f 677/1/147 676/1/147 675/1/147
f 638/1/147 675/1/147 676/1/147
f 679/1/25 675/1/25 678/1/25
f 638/1/25 678/1/25 675/1/25
f 638/1/131 676/1/131 678/1/131
f 680/1/131 678/1/131 676/1/131
f 677/1/27 681/1/27 676/1/27
f 680/1/27 676/1/27 681/1/27
f 677/1/135 675/1/135 681/1/135
f 679/1/135 681/1/135 675/1/135
f 680/1/148 681/1/148 678/1/148
f 679/1/148 678/1/148 681/1/148
f 682/1/167 683/1/167 684/1/167
f 683/1/167 682/1/167 685/1/167
f 683/1/27 686/1/27 684/1/27
f 686/1/27 683/1/27 687/1/27
f 682/1/108 686/1/108 688/1/108
f 686/1/108 682/1/108 684/1/108
f 244/1/25 682/1/25 688/1/25
f 682/1/25 244/1/25 685/1/25
f 241/1/167 685/1/167 682/1/167
f 685/1/167 241/1/167 689/1/167
f 683/1/105 244/1/105 687/1/105
f 244/1/105 683/1/105 685/1/105
f 244/1/168 686/1/168 687/1/168
f 686/1/168 244/1/168 688/1/168
f 251/1/167 689/1/167 241/1/167
f 689/1/167 251/1/167 690/1/167
f 689/1/27 691/1/27 241/1/27
f 691/1/27 689/1/27 692/1/27
f 251/1/108 691/1/108 693/1/108
f 691/1/108 251/1/108 241/1/108
f 506/1/167 690/1/167 251/1/167
f 690/1/167 506/1/167 694/1/167
f 509/1/25 251/1/25 693/1/25
f 251/1/25 509/1/25 690/1/25
f 689/1/105 509/1/105 692/1/105
f 509/1/105 689/1/105 690/1/105
f 509/1/168 691/1/168 692/1/168
f 691/1/168 509/1/168 693/1/168
f 695/1/167 694/1/167 506/1/167
f 694/1/167 695/1/167 696/1/167
f 694/1/27 697/1/27 506/1/27
f 697/1/27 694/1/27 698/1/27
f 695/1/108 697/1/108 699/1/108
f 697/1/108 695/1/108 506/1/108
f 391/1/167 696/1/167 695/1/167
f 696/1/167 391/1/167 700/1/167
f 394/1/25 695/1/25 699/1/25
f 695/1/25 394/1/25 696/1/25
f 694/1/105 394/1/105 698/1/105
f 394/1/105 694/1/105 696/1/105
f 394/1/168 697/1/168 698/1/168
f 697/1/168 394/1/168 699/1/168
f 615/1/167 700/1/167 391/1/167
f 700/1/167 615/1/167 701/1/167
f 700/1/27 702/1/27 391/1/27
f 702/1/27 700/1/27 703/1/27
f 615/1/108 702/1/108 704/1/108
f 702/1/108 615/1/108 391/1/108
f 705/1/25 615/1/25 704/1/25
f 615/1/25 705/1/25 701/1/25
f 700/1/105 705/1/105 703/1/105
f 705/1/105 700/1/105 701/1/105
f 705/1/168 702/1/168 703/1/168
f 702/1/168 705/1/168 704/1/168
f 685/1/168 682/1/168 683/1/168
f 684/1/168 683/1/168 682/1/168
f 687/1/25 683/1/25 686/1/25
f 684/1/25 686/1/25 683/1/25
f 684/1/105 682/1/105 686/1/105
f 688/1/105 686/1/105 682/1/105
f 685/1/27 244/1/27 682/1/27
f 688/1/27 682/1/27 244/1/27
f 689/1/168 241/1/168 685/1/168
f 682/1/168 685/1/168 241/1/168
f 685/1/108 683/1/108 244/1/108
f 687/1/108 244/1/108 683/1/108
f 688/1/167 244/1/167 686/1/167
f 687/1/167 686/1/167 244/1/167
f 690/1/168 251/1/168 689/1/168
f 241/1/168 689/1/168 251/1/168
f 692/1/25 689/1/25 691/1/25
f 241/1/25 691/1/25 689/1/25
f 241/1/105 251/1/105 691/1/105
f 693/1/105 691/1/105 251/1/105
f 694/1/168 506/1/168 690/1/168
f 251/1/168 690/1/168 506/1/168
f 690/1/27 509/1/27 251/1/27
f 693/1/27 251/1/27 509/1/27
f 690/1/108 689/1/108 509/1/108
f 692/1/108 509/1/108 689/1/108
f 693/1/167 509/1/167 691/1/167
f 692/1/167 691/1/167 509/1/167
f 696/1/168 695/1/168 694/1/168
f 506/1/168 694/1/168 695/1/168
f 698/1/25 694/1/25 697/1/25
f 506/1/25 697/1/25 694/1/25
f 506/1/105 695/1/105 697/1/105
f 699/1/105 697/1/105 695/1/105
f 700/1/168 391/1/168 696/1/168
f 695/1/168 696/1/168 391/1/168
f 696/1/27 394/1/27 695/1/27
f 699/1/27 695/1/27 394/1/27
f 696/1/108 694/1/108 394/1/108
f 698/1/108 394/1/108 694/1/108
f 699/1/167 394/1/167 697/1/167
f 698/1/167 697/1/167 394/1/167
f 701/1/168 615/1/168 700/1/168
f 391/1/168 700/1/168 615/1/168
f 703/1/25 700/1/25 702/1/25
f 391/1/25 702/1/25 700/1/25
f 391/1/105 615/1/105 702/1/105
f 704/1/105 702/1/105 615/1/105
f 701/1/27 705/1/27 615/1/27
f 704/1/27 615/1/27 705/1/27
f 701/1/108 700/1/108 705/1/108
f 703/1/108 705/1/108 700/1/108
f 704/1/167 705/1/167 702/1/167
f 703/1/167 702/1/167 705/1/167
f 665/1/25 411/1/25 706/1/25
f 411/1/25 665/1/25 707/1/25
f 708/1/129 707/1/129 709/1/129
f 707/1/129 708/1/129 411/1/129
f 411/1/130 710/1/130 706/1/130
f 710/1/130 411/1/130 708/1/130
f 665/1/131 710/1/131 711/1/131
f 710/1/131 665/1/131 706/1/131
f 709/1/132 665/1/132 711/1/132
f 665/1/132 709/1/132 707/1/132
f 708/1/27 711/1/27 710/1/27
f 711/1/27 708/1/27 709/1/27
f 707/1/27 665/1/27 411/1/27
f 706/1/27 411/1/27 665/1/27
f 411/1/133 708/1/133 707/1/133
f 709/1/133 707/1/133 708/1/133
f 708/1/134 411/1/134 710/1/134
f 706/1/134 710/1/134 411/1/134
f 706/1/135 665/1/135 710/1/135
f 711/1/135 710/1/135 665/1/135
f 707/1/136 709/1/136 665/1/136
f 711/1/136 665/1/136 709/1/136
f 709/1/25 708/1/25 711/1/25
f 710/1/25 711/1/25 708/1/25
f 712/1/27 713/1/27 440/1/27
f 713/1/27 712/1/27 350/1/27
f 714/1/131 440/1/131 713/1/131
f 440/1/131 714/1/131 715/1/131
f 715/1/137 712/1/137 440/1/137
f 712/1/137 715/1/137 716/1/137
f 712/1/129 717/1/129 350/1/129
f 717/1/129 712/1/129 716/1/129
f 717/1/138 713/1/138 350/1/138
f 713/1/138 717/1/138 714/1/138
f 714/1/25 716/1/25 715/1/25
f 716/1/25 714/1/25 717/1/25
f 350/1/25 712/1/25 713/1/25
f 440/1/25 713/1/25 712/1/25
f 715/1/135 714/1/135 440/1/135
f 713/1/135 440/1/135 714/1/135
f 716/1/139 715/1/139 712/1/139
f 440/1/139 712/1/139 715/1/139
f 716/1/133 712/1/133 717/1/133
f 350/1/133 717/1/133 712/1/133
f 714/1/140 717/1/140 713/1/140
f 350/1/140 713/1/140 717/1/140
f 717/1/27 714/1/27 716/1/27
f 715/1/27 716/1/27 714/1/27
f 718/1/168 719/1/168 720/1/168
f 719/1/168 718/1/168 721/1/168
f 719/1/27 722/1/27 720/1/27
f 722/1/27 719/1/27 723/1/27
f 718/1/105 722/1/105 724/1/105
f 722/1/105 718/1/105 720/1/105
f 240/1/25 718/1/25 724/1/25
f 718/1/25 240/1/25 721/1/25
f 246/1/168 721/1/168 718/1/168
f 721/1/168 246/1/168 261/1/168
f 719/1/108 240/1/108 723/1/108
f 240/1/108 719/1/108 721/1/108
f 240/1/167 722/1/167 723/1/167
f 722/1/167 240/1/167 724/1/167
f 725/1/168 261/1/168 246/1/168
f 261/1/168 725/1/168 726/1/168
f 261/1/27 727/1/27 246/1/27
f 727/1/27 261/1/27 728/1/27
f 725/1/105 727/1/105 729/1/105
f 727/1/105 725/1/105 246/1/105
f 511/1/168 726/1/168 725/1/168
f 726/1/168 511/1/168 730/1/168
f 505/1/25 725/1/25 729/1/25
f 725/1/25 505/1/25 726/1/25
f 261/1/108 505/1/108 728/1/108
f 505/1/108 261/1/108 726/1/108
f 505/1/167 727/1/167 728/1/167
f 727/1/167 505/1/167 729/1/167
f 731/1/168 730/1/168 511/1/168
f 730/1/168 731/1/168 732/1/168
f 730/1/27 733/1/27 511/1/27
f 733/1/27 730/1/27 734/1/27
f 731/1/105 733/1/105 735/1/105
f 733/1/105 731/1/105 511/1/105
f 396/1/168 732/1/168 731/1/168
f 732/1/168 396/1/168 624/1/168
f 390/1/25 731/1/25 735/1/25
f 731/1/25 390/1/25 732/1/25
f 730/1/108 390/1/108 734/1/108
f 390/1/108 730/1/108 732/1/108
f 390/1/167 733/1/167 734/1/167
f 733/1/167 390/1/167 735/1/167
f 736/1/168 624/1/168 396/1/168
f 624/1/168 736/1/168 737/1/168
f 624/1/27 738/1/27 396/1/27
f 738/1/27 624/1/27 739/1/27
f 736/1/105 738/1/105 740/1/105
f 738/1/105 736/1/105 396/1/105
f 741/1/25 736/1/25 740/1/25
f 736/1/25 741/1/25 737/1/25
f 624/1/108 741/1/108 739/1/108
f 741/1/108 624/1/108 737/1/108
f 741/1/167 738/1/167 739/1/167
f 738/1/167 741/1/167 740/1/167
f 721/1/167 718/1/167 719/1/167
f 720/1/167 719/1/167 718/1/167
f 723/1/25 719/1/25 722/1/25
f 720/1/25 722/1/25 719/1/25
f 720/1/108 718/1/108 722/1/108
f 724/1/108 722/1/108 718/1/108
f 721/1/27 240/1/27 718/1/27
f 724/1/27 718/1/27 240/1/27
f 261/1/167 246/1/167 721/1/167
f 718/1/167 721/1/167 246/1/167
f 721/1/105 719/1/105 240/1/105
f 723/1/105 240/1/105 719/1/105
f 724/1/168 240/1/168 722/1/168
f 723/1/168 722/1/168 240/1/168
f 726/1/167 725/1/167 261/1/167
f 246/1/167 261/1/167 725/1/167
f 728/1/25 261/1/25 727/1/25
f 246/1/25 727/1/25 261/1/25
f 246/1/108 725/1/108 727/1/108
f 729/1/108 727/1/108 725/1/108
f 730/1/167 511/1/167 726/1/167
f 725/1/167 726/1/167 511/1/167
f 726/1/27 505/1/27 725/1/27
f 729/1/27 725/1/27 505/1/27
f 726/1/105 261/1/105 505/1/105
f 728/1/105 505/1/105 261/1/105
f 729/1/168 505/1/168 727/1/168
f 728/1/168 727/1/168 505/1/168
f 732/1/167 731/1/167 730/1/167
f 511/1/167 730/1/167 731/1/167
f 734/1/25 730/1/25 733/1/25
f 511/1/25 733/1/25 730/1/25
f 511/1/108 731/1/108 733/1/108
f 735/1/108 733/1/108 731/1/108
f 624/1/167 396/1/167 732/1/167
f 731/1/167 732/1/167 396/1/167
f 732/1/27 390/1/27 731/1/27
f 735/1/27 731/1/27 390/1/27
f 732/1/105 730/1/105 390/1/105
f 734/1/105 390/1/105 730/1/105
f 735/1/168 390/1/168 733/1/168
f 734/1/168 733/1/168 390/1/168
f 737/1/167 736/1/167 624/1/167
f 396/1/167 624/1/167 736/1/167
f 739/1/25 624/1/25 738/1/25
f 396/1/25 738/1/25 624/1/25
f 396/1/108 736/1/108 738/1/108
f 740/1/108 738/1/108 736/1/108
f 737/1/27 741/1/27 736/1/27
f 740/1/27 736/1/27 741/1/27
f 737/1/105 624/1/105 741/1/105
f 739/1/105 741/1/105 624/1/105
f 740/1/168 741/1/168 738/1/168
f 739/1/168 738/1/168 741/1/168
f 351/1/25 572/1/25 742/1/25
f 572/1/25 351/1/25 743/1/25
f 744/1/123 743/1/123 745/1/123
f 743/1/123 744/1/123 572/1/123
f 572/1/151 746/1/151 742/1/151
f 746/1/151 572/1/151 744/1/151
f 351/1/133 746/1/133 747/1/133
f 746/1/133 351/1/133 742/1/133
f 745/1/152 351/1/152 747/1/152
f 351/1/152 745/1/152 743/1/152
f 744/1/27 747/1/27 746/1/27
f 747/1/27 744/1/27 745/1/27
f 743/1/27 351/1/27 572/1/27
f 742/1/27 572/1/27 351/1/27
f 572/1/120 744/1/120 743/1/120
f 745/1/120 743/1/120 744/1/120
f 744/1/153 572/1/153 746/1/153
f 742/1/153 746/1/153 572/1/153
f 742/1/129 351/1/129 746/1/129
f 747/1/129 746/1/129 351/1/129
f 743/1/154 745/1/154 351/1/154
f 747/1/154 351/1/154 745/1/154
f 745/1/25 744/1/25 747/1/25
f 746/1/25 747/1/25 744/1/25
f 748/1/27 749/1/27 410/1/27
f 749/1/27 748/1/27 466/1/27
f 750/1/133 410/1/133 749/1/133
f 410/1/133 750/1/133 751/1/133
f 751/1/155 748/1/155 410/1/155
f 748/1/155 751/1/155 752/1/155
f 748/1/123 753/1/123 466/1/123
f 753/1/123 748/1/123 752/1/123
f 753/1/156 749/1/156 466/1/156
f 749/1/156 753/1/156 750/1/156
f 750/1/25 752/1/25 751/1/25
f 752/1/25 750/1/25 753/1/25
f 466/1/25 748/1/25 749/1/25
f 410/1/25 749/1/25 748/1/25
f 751/1/129 750/1/129 410/1/129
f 749/1/129 410/1/129 750/1/129
f 752/1/157 751/1/157 748/1/157
f 410/1/157 748/1/157 751/1/157
f 752/1/120 748/1/120 753/1/120
f 466/1/120 753/1/120 748/1/120
f 750/1/158 753/1/158 749/1/158
f 466/1/158 749/1/158 753/1/158
f 753/1/27 750/1/27 752/1/27
f 751/1/27 752/1/27 750/1/27
f 52/1/25 53/1/25 54/1/25
f 53/1/25 52/1/25 55/1/25
f 754/1/123 55/1/123 755/1/123
f 55/1/123 754/1/123 53/1/123
f 53/1/151 756/1/151 54/1/151
f 756/1/151 53/1/151 754/1/151
f 52/1/133 756/1/133 757/1/133
f 756/1/133 52/1/133 54/1/133
f 755/1/152 52/1/152 757/1/152
f 52/1/152 755/1/152 55/1/152
f 754/1/27 757/1/27 756/1/27
f 757/1/27 754/1/27 755/1/27
f 55/1/27 52/1/27 53/1/27
f 54/1/27 53/1/27 52/1/27
f 53/1/120 754/1/120 55/1/120
f 755/1/120 55/1/120 754/1/120
f 754/1/153 53/1/153 756/1/153
f 54/1/153 756/1/153 53/1/153
f 54/1/129 52/1/129 756/1/129
f 757/1/129 756/1/129 52/1/129
f 55/1/154 755/1/154 52/1/154
f 757/1/154 52/1/154 755/1/154
f 755/1/25 754/1/25 757/1/25
f 756/1/25 757/1/25 754/1/25
f 51/1/27 48/1/27 50/1/27
f 48/1/27 51/1/27 480/1/27
f 758/1/133 50/1/133 48/1/133
f 50/1/133 758/1/133 759/1/133
f 759/1/155 51/1/155 50/1/155
f 51/1/155 759/1/155 760/1/155
f 51/1/123 761/1/123 480/1/123
f 761/1/123 51/1/123 760/1/123
f 761/1/156 48/1/156 480/1/156
f 48/1/156 761/1/156 758/1/156
f 758/1/25 760/1/25 759/1/25
f 760/1/25 758/1/25 761/1/25
f 480/1/25 51/1/25 48/1/25
f 50/1/25 48/1/25 51/1/25
f 759/1/129 758/1/129 50/1/129
f 48/1/129 50/1/129 758/1/129
f 760/1/157 759/1/157 51/1/157
f 50/1/157 51/1/157 759/1/157
f 760/1/120 51/1/120 761/1/120
f 480/1/120 761/1/120 51/1/120
f 758/1/158 761/1/158 48/1/158
f 480/1/158 48/1/158 761/1/158
f 761/1/27 758/1/27 760/1/27
f 759/1/27 760/1/27 758/1/27
f 676/1/25 425/1/25 762/1/25
f 425/1/25 676/1/25 763/1/25
f 764/1/129 763/1/129 765/1/129
f 763/1/129 764/1/129 425/1/129
f 425/1/130 766/1/130 762/1/130
f 766/1/130 425/1/130 764/1/130
f 676/1/131 766/1/131 767/1/131
f 766/1/131 676/1/131 762/1/131
f 765/1/132 676/1/132 767/1/132
f 676/1/132 765/1/132 763/1/132
f 764/1/27 767/1/27 766/1/27
f 767/1/27 764/1/27 765/1/27
f 763/1/27 676/1/27 425/1/27
f 762/1/27 425/1/27 676/1/27
f 425/1/133 764/1/133 763/1/133
f 765/1/133 763/1/133 764/1/133
f 764/1/134 425/1/134 766/1/134
f 762/1/134 766/1/134 425/1/134
f 762/1/135 676/1/135 766/1/135
f 767/1/135 766/1/135 676/1/135
f 763/1/136 765/1/136 676/1/136
f 767/1/136 676/1/136 765/1/136
f 765/1/25 764/1/25 767/1/25
f 766/1/25 767/1/25 764/1/25
f 768/1/27 769/1/27 454/1/27
f 769/1/27 768/1/27 364/1/27
f 770/1/131 454/1/131 769/1/131
f 454/1/131 770/1/131 771/1/131
f 771/1/137 768/1/137 454/1/137
f 768/1/137 771/1/137 772/1/137
f 768/1/129 773/1/129 364/1/129
f 773/1/129 768/1/129 772/1/129
f 773/1/138 769/1/138 364/1/138
f 769/1/138 773/1/138 770/1/138
f 770/1/25 772/1/25 771/1/25
f 772/1/25 770/1/25 773/1/25
f 364/1/25 768/1/25 769/1/25
f 454/1/25 769/1/25 768/1/25
f 771/1/135 770/1/135 454/1/135
f 769/1/135 454/1/135 770/1/135
f 772/1/139 771/1/139 768/1/139
f 454/1/139 768/1/139 771/1/139
f 772/1/133 768/1/133 773/1/133
f 364/1/133 773/1/133 768/1/133
f 770/1/140 773/1/140 769/1/140
f 364/1/140 769/1/140 773/1/140
f 773/1/27 770/1/27 772/1/27
f 771/1/27 772/1/27 770/1/27
f 774/1/129 775/1/129 776/1/129
f 775/1/129 774/1/129 777/1/129
f 776/1/27 778/1/27 348/1/27
f 778/1/27 776/1/27 775/1/27
f 409/1/169 776/1/169 348/1/169
f 776/1/169 409/1/169 774/1/169
f 779/1/25 774/1/25 409/1/25
f 774/1/25 779/1/25 777/1/25
f 775/1/170 779/1/170 778/1/170
f 779/1/170 775/1/170 777/1/170
f 779/1/133 348/1/133 778/1/133
f 348/1/133 779/1/133 409/1/133
f 777/1/133 774/1/133 775/1/133
f 776/1/133 775/1/133 774/1/133
f 775/1/25 776/1/25 778/1/25
f 348/1/25 778/1/25 776/1/25
f 774/1/170 409/1/170 776/1/170
f 348/1/170 776/1/170 409/1/170
f 777/1/27 779/1/27 774/1/27
f 409/1/27 774/1/27 779/1/27
f 777/1/169 775/1/169 779/1/169
f 778/1/169 779/1/169 775/1/169
f 409/1/129 779/1/129 348/1/129
f 778/1/129 348/1/129 779/1/129
f 780/1/129 408/1/129 781/1/129
f 408/1/129 780/1/129 349/1/129
f 782/1/25 780/1/25 783/1/25
f 780/1/25 782/1/25 349/1/25
f 784/1/171 349/1/171 782/1/171
f 349/1/171 784/1/171 408/1/171
f 781/1/27 784/1/27 785/1/27
f 784/1/27 781/1/27 408/1/27
f 780/1/172 785/1/172 783/1/172
f 785/1/172 780/1/172 781/1/172
f 782/1/133 785/1/133 784/1/133
f 785/1/133 782/1/133 783/1/133
f 349/1/133 780/1/133 408/1/133
f 781/1/133 408/1/133 780/1/133
f 349/1/27 782/1/27 780/1/27
f 783/1/27 780/1/27 782/1/27
f 408/1/172 784/1/172 349/1/172
f 782/1/172 349/1/172 784/1/172
f 408/1/25 781/1/25 784/1/25
f 785/1/25 784/1/25 781/1/25
f 781/1/171 780/1/171 785/1/171
f 783/1/171 785/1/171 780/1/171
f 783/1/129 782/1/129 785/1/129
f 784/1/129 785/1/129 782/1/129
f 786/1/129 787/1/129 788/1/129
f 787/1/129 786/1/129 789/1/129
f 788/1/27 790/1/27 365/1/27
f 790/1/27 788/1/27 787/1/27
f 423/1/169 788/1/169 365/1/169
f 788/1/169 423/1/169 786/1/169
f 791/1/25 786/1/25 423/1/25
f 786/1/25 791/1/25 789/1/25
f 787/1/170 791/1/170 790/1/170
f 791/1/170 787/1/170 789/1/170
f 791/1/133 365/1/133 790/1/133
f 365/1/133 791/1/133 423/1/133
f 789/1/133 786/1/133 787/1/133
f 788/1/133 787/1/133 786/1/133
f 787/1/25 788/1/25 790/1/25
f 365/1/25 790/1/25 788/1/25
f 786/1/170 423/1/170 788/1/170
f 365/1/170 788/1/170 423/1/170
f 789/1/27 791/1/27 786/1/27
f 423/1/27 786/1/27 791/1/27
f 789/1/169 787/1/169 791/1/169
f 790/1/169 791/1/169 787/1/169
f 423/1/129 791/1/129 365/1/129
f 790/1/129 365/1/129 791/1/129
f 792/1/129 424/1/129 793/1/129
f 424/1/129 792/1/129 363/1/129
f 794/1/25 792/1/25 795/1/25
f 792/1/25 794/1/25 363/1/25
f 796/1/171 363/1/171 794/1/171
f 363/1/171 796/1/171 424/1/171
f 793/1/27 796/1/27 797/1/27
f 796/1/27 793/1/27 424/1/27
f 792/1/172 797/1/172 795/1/172
f 797/1/172 792/1/172 793/1/172
f 794/1/133 797/1/133 796/1/133
f 797/1/133 794/1/133 795/1/133
f 363/1/133 792/1/133 424/1/133
f 793/1/133 424/1/133 792/1/133
f 363/1/27 794/1/27 792/1/27
f 795/1/27 792/1/27 794/1/27
f 424/1/172 796/1/172 363/1/172
f 794/1/172 363/1/172 796/1/172
f 424/1/25 793/1/25 796/1/25
f 797/1/25 796/1/25 793/1/25
f 793/1/171 792/1/171 797/1/171
f 795/1/171 797/1/171 792/1/171
f 795/1/129 794/1/129 797/1/129
f 796/1/129 797/1/129 794/1/129
f 655/1/25 401/1/25 798/1/25
f 401/1/25 655/1/25 799/1/25
f 800/1/129 799/1/129 801/1/129
f 799/1/129 800/1/129 401/1/129
f 401/1/130 802/1/130 798/1/130
f 802/1/130 401/1/130 800/1/130
f 655/1/131 802/1/131 803/1/131
f 802/1/131 655/1/131 798/1/131
f 801/1/132 655/1/132 803/1/132
f 655/1/132 801/1/132 799/1/132
f 800/1/27 803/1/27 802/1/27
f 803/1/27 800/1/27 801/1/27
f 799/1/27 655/1/27 401/1/27
f 798/1/27 401/1/27 655/1/27
f 401/1/133 800/1/133 799/1/133
f 801/1/133 799/1/133 800/1/133
f 800/1/134 401/1/134 802/1/134
f 798/1/134 802/1/134 401/1/134
f 798/1/135 655/1/135 802/1/135
f 803/1/135 802/1/135 655/1/135
f 799/1/136 801/1/136 655/1/136
f 803/1/136 655/1/136 801/1/136
f 801/1/25 800/1/25 803/1/25
f 802/1/25 803/1/25 800/1/25
f 804/1/27 805/1/27 432/1/27
f 805/1/27 804/1/27 342/1/27
f 806/1/131 432/1/131 805/1/131
f 432/1/131 806/1/131 807/1/131
f 807/1/137 804/1/137 432/1/137
f 804/1/137 807/1/137 808/1/137
f 804/1/129 809/1/129 342/1/129
f 809/1/129 804/1/129 808/1/129
f 809/1/138 805/1/138 342/1/138
f 805/1/138 809/1/138 806/1/138
f 806/1/25 808/1/25 807/1/25
f 808/1/25 806/1/25 809/1/25
f 342/1/25 804/1/25 805/1/25
f 432/1/25 805/1/25 804/1/25
f 807/1/135 806/1/135 432/1/135
f 805/1/135 432/1/135 806/1/135
f 808/1/139 807/1/139 804/1/139
f 432/1/139 804/1/139 807/1/139
f 808/1/133 804/1/133 809/1/133
f 342/1/133 809/1/133 804/1/133
f 806/1/140 809/1/140 805/1/140
f 342/1/140 805/1/140 809/1/140
f 809/1/27 806/1/27 808/1/27
f 807/1/27 808/1/27 806/1/27
f 810/1/123 811/1/123 812/1/123
f 811/1/123 810/1/123 813/1/123
f 812/1/27 814/1/27 464/1/27
f 814/1/27 812/1/27 811/1/27
f 571/1/163 812/1/163 464/1/163
f 812/1/163 571/1/163 810/1/163
f 815/1/25 810/1/25 571/1/25
f 810/1/25 815/1/25 813/1/25
f 811/1/164 815/1/164 814/1/164
f 815/1/164 811/1/164 813/1/164
f 815/1/120 464/1/120 814/1/120
f 464/1/120 815/1/120 571/1/120
f 813/1/120 810/1/120 811/1/120
f 812/1/120 811/1/120 810/1/120
f 811/1/25 812/1/25 814/1/25
f 464/1/25 814/1/25 812/1/25
f 810/1/164 571/1/164 812/1/164
f 464/1/164 812/1/164 571/1/164
f 813/1/27 815/1/27 810/1/27
f 571/1/27 810/1/27 815/1/27
f 813/1/163 811/1/163 815/1/163
f 814/1/163 815/1/163 811/1/163
f 571/1/123 815/1/123 464/1/123
f 814/1/123 464/1/123 815/1/123
f 816/1/123 570/1/123 817/1/123
f 570/1/123 816/1/123 465/1/123
f 818/1/25 816/1/25 819/1/25
f 816/1/25 818/1/25 465/1/25
f 820/1/165 465/1/165 818/1/165
f 465/1/165 820/1/165 570/1/165
f 817/1/27 820/1/27 821/1/27
f 820/1/27 817/1/27 570/1/27
f 816/1/166 821/1/166 819/1/166
f 821/1/166 816/1/166 817/1/166
f 818/1/120 821/1/120 820/1/120
f 821/1/120 818/1/120 819/1/120
f 465/1/120 816/1/120 570/1/120
f 817/1/120 570/1/120 816/1/120
f 465/1/27 818/1/27 816/1/27
f 819/1/27 816/1/27 818/1/27
f 570/1/166 820/1/166 465/1/166
f 818/1/166 465/1/166 820/1/166
f 570/1/25 817/1/25 820/1/25
f 821/1/25 820/1/25 817/1/25
f 817/1/165 816/1/165 821/1/165
f 819/1/165 821/1/165 816/1/165
f 819/1/123 818/1/123 821/1/123
f 820/1/123 821/1/123 818/1/123
f 203/1/25 682/1/25 822/1/25
f 682/1/25 203/1/25 823/1/25
f 824/1/105 823/1/105 825/1/105
f 823/1/105 824/1/105 682/1/105
f 682/1/111 826/1/111 822/1/111
f 826/1/111 682/1/111 824/1/111
f 203/1/103 826/1/103 827/1/103
f 826/1/103 203/1/103 822/1/103
f 825/1/112 203/1/112 827/1/112
f 203/1/112 825/1/112 823/1/112
f 824/1/27 827/1/27 826/1/27
f 827/1/27 824/1/27 825/1/27
f 823/1/27 203/1/27 682/1/27
f 822/1/27 682/1/27 203/1/27
f 682/1/108 824/1/108 823/1/108
f 825/1/108 823/1/108 824/1/108
f 824/1/113 682/1/113 826/1/113
f 822/1/113 826/1/113 682/1/113
f 822/1/102 203/1/102 826/1/102
f 827/1/102 826/1/102 203/1/102
f 823/1/114 825/1/114 203/1/114
f 827/1/114 203/1/114 825/1/114
f 825/1/25 824/1/25 827/1/25
f 826/1/25 827/1/25 824/1/25
f 828/1/27 829/1/27 530/1/27
f 829/1/27 828/1/27 719/1/27
f 830/1/103 530/1/103 829/1/103
f 530/1/103 830/1/103 831/1/103
f 831/1/115 828/1/115 530/1/115
f 828/1/115 831/1/115 832/1/115
f 828/1/105 833/1/105 719/1/105
f 833/1/105 828/1/105 832/1/105
f 833/1/116 829/1/116 719/1/116
f 829/1/116 833/1/116 830/1/116
f 830/1/25 832/1/25 831/1/25
f 832/1/25 830/1/25 833/1/25
f 719/1/25 828/1/25 829/1/25
f 530/1/25 829/1/25 828/1/25
f 831/1/102 830/1/102 530/1/102
f 829/1/102 530/1/102 830/1/102
f 832/1/117 831/1/117 828/1/117
f 530/1/117 828/1/117 831/1/117
f 832/1/108 828/1/108 833/1/108
f 719/1/108 833/1/108 828/1/108
f 830/1/118 833/1/118 829/1/118
f 719/1/118 829/1/118 833/1/118
f 833/1/27 830/1/27 832/1/27
f 831/1/27 832/1/27 830/1/27
f 834/1/129 835/1/129 836/1/129
f 835/1/129 834/1/129 837/1/129
f 836/1/27 838/1/27 357/1/27
f 838/1/27 836/1/27 835/1/27
f 416/1/169 836/1/169 357/1/169
f 836/1/169 416/1/169 834/1/169
f 839/1/25 834/1/25 416/1/25
f 834/1/25 839/1/25 837/1/25
f 835/1/170 839/1/170 838/1/170
f 839/1/170 835/1/170 837/1/170
f 839/1/133 357/1/133 838/1/133
f 357/1/133 839/1/133 416/1/133
f 837/1/133 834/1/133 835/1/133
f 836/1/133 835/1/133 834/1/133
f 835/1/25 836/1/25 838/1/25
f 357/1/25 838/1/25 836/1/25
f 834/1/170 416/1/170 836/1/170
f 357/1/170 836/1/170 416/1/170
f 837/1/27 839/1/27 834/1/27
f 416/1/27 834/1/27 839/1/27
f 837/1/169 835/1/169 839/1/169
f 838/1/169 839/1/169 835/1/169
f 416/1/129 839/1/129 357/1/129
f 838/1/129 357/1/129 839/1/129
f 840/1/129 418/1/129 841/1/129
f 418/1/129 840/1/129 356/1/129
f 842/1/25 840/1/25 843/1/25
f 840/1/25 842/1/25 356/1/25
f 844/1/171 356/1/171 842/1/171
f 356/1/171 844/1/171 418/1/171
f 841/1/27 844/1/27 845/1/27
f 844/1/27 841/1/27 418/1/27
f 840/1/172 845/1/172 843/1/172
f 845/1/172 840/1/172 841/1/172
f 842/1/133 845/1/133 844/1/133
f 845/1/133 842/1/133 843/1/133
f 356/1/133 840/1/133 418/1/133
f 841/1/133 418/1/133 840/1/133
f 356/1/27 842/1/27 840/1/27
f 843/1/27 840/1/27 842/1/27
f 418/1/172 844/1/172 356/1/172
f 842/1/172 356/1/172 844/1/172
f 418/1/25 841/1/25 844/1/25
f 845/1/25 844/1/25 841/1/25
f 841/1/171 840/1/171 845/1/171
f 843/1/171 845/1/171 840/1/171
f 843/1/129 842/1/129 845/1/129
f 844/1/129 845/1/129 842/1/129
f 846/1/135 847/1/135 848/1/135
f 847/1/135 846/1/135 849/1/135
f 848/1/27 850/1/27 662/1/27
f 850/1/27 848/1/27 847/1/27
f 439/1/159 848/1/159 662/1/159
f 848/1/159 439/1/159 846/1/159
f 851/1/25 846/1/25 439/1/25
f 846/1/25 851/1/25 849/1/25
f 847/1/160 851/1/160 850/1/160
f 851/1/160 847/1/160 849/1/160
f 851/1/131 662/1/131 850/1/131
f 662/1/131 851/1/131 439/1/131
f 849/1/131 846/1/131 847/1/131
f 848/1/131 847/1/131 846/1/131
f 847/1/25 848/1/25 850/1/25
f 662/1/25 850/1/25 848/1/25
f 846/1/160 439/1/160 848/1/160
f 662/1/160 848/1/160 439/1/160
f 849/1/27 851/1/27 846/1/27
f 439/1/27 846/1/27 851/1/27
f 849/1/159 847/1/159 851/1/159
f 850/1/159 851/1/159 847/1/159
f 439/1/135 851/1/135 662/1/135
f 850/1/135 662/1/135 851/1/135
f 852/1/135 438/1/135 853/1/135
f 438/1/135 852/1/135 663/1/135
f 854/1/25 852/1/25 855/1/25
f 852/1/25 854/1/25 663/1/25
f 856/1/161 663/1/161 854/1/161
f 663/1/161 856/1/161 438/1/161
f 853/1/27 856/1/27 857/1/27
f 856/1/27 853/1/27 438/1/27
f 852/1/162 857/1/162 855/1/162
f 857/1/162 852/1/162 853/1/162
f 854/1/131 857/1/131 856/1/131
f 857/1/131 854/1/131 855/1/131
f 663/1/131 852/1/131 438/1/131
f 853/1/131 438/1/131 852/1/131
f 663/1/27 854/1/27 852/1/27
f 855/1/27 852/1/27 854/1/27
f 438/1/162 856/1/162 663/1/162
f 854/1/162 663/1/162 856/1/162
f 438/1/25 853/1/25 856/1/25
f 857/1/25 856/1/25 853/1/25
f 853/1/161 852/1/161 857/1/161
f 855/1/161 857/1/161 852/1/161
f 855/1/135 854/1/135 857/1/135
f 856/1/135 857/1/135 854/1/135
f 858/1/123 859/1/123 860/1/123
f 859/1/123 858/1/123 861/1/123
f 860/1/27 862/1/27 473/1/27
f 862/1/27 860/1/27 859/1/27
f 577/1/163 860/1/163 473/1/163
f 860/1/163 577/1/163 858/1/163
f 863/1/25 858/1/25 577/1/25
f 858/1/25 863/1/25 861/1/25
f 859/1/164 863/1/164 862/1/164
f 863/1/164 859/1/164 861/1/164
f 863/1/120 473/1/120 862/1/120
f 473/1/120 863/1/120 577/1/120
f 861/1/120 858/1/120 859/1/120
f 860/1/120 859/1/120 858/1/120
f 859/1/25 860/1/25 862/1/25
f 473/1/25 862/1/25 860/1/25
f 858/1/164 577/1/164 860/1/164
f 473/1/164 860/1/164 577/1/164
f 861/1/27 863/1/27 858/1/27
f 577/1/27 858/1/27 863/1/27
f 861/1/163 859/1/163 863/1/163
f 862/1/163 863/1/163 859/1/163
f 577/1/123 863/1/123 473/1/123
f 862/1/123 473/1/123 863/1/123
f 864/1/123 578/1/123 865/1/123
f 578/1/123 864/1/123 471/1/123
f 866/1/25 864/1/25 867/1/25
f 864/1/25 866/1/25 471/1/25
f 868/1/165 471/1/165 866/1/165
f 471/1/165 868/1/165 578/1/165
f 865/1/27 868/1/27 869/1/27
f 868/1/27 865/1/27 578/1/27
f 864/1/166 869/1/166 867/1/166
f 869/1/166 864/1/166 865/1/166
f 866/1/120 869/1/120 868/1/120
f 869/1/120 866/1/120 867/1/120
f 471/1/120 864/1/120 578/1/120
f 865/1/120 578/1/120 864/1/120
f 471/1/27 866/1/27 864/1/27
f 867/1/27 864/1/27 866/1/27
f 578/1/166 868/1/166 471/1/166
f 866/1/166 471/1/166 868/1/166
f 578/1/25 865/1/25 868/1/25
f 869/1/25 868/1/25 865/1/25
f 865/1/165 864/1/165 869/1/165
f 867/1/165 869/1/165 864/1/165
f 867/1/123 866/1/123 869/1/123
f 868/1/123 869/1/123 866/1/123
f 221/1/25 695/1/25 870/1/25
f 695/1/25 221/1/25 871/1/25
f 872/1/105 871/1/105 873/1/105
f 871/1/105 872/1/105 695/1/105
f 695/1/111 874/1/111 870/1/111
f 874/1/111 695/1/111 872/1/111
f 221/1/103 874/1/103 875/1/103
f 874/1/103 221/1/103 870/1/103
f 873/1/112 221/1/112 875/1/112
f 221/1/112 873/1/112 871/1/112
f 872/1/27 875/1/27 874/1/27
f 875/1/27 872/1/27 873/1/27
f 871/1/27 221/1/27 695/1/27
f 870/1/27 695/1/27 221/1/27
f 695/1/108 872/1/108 871/1/108
f 873/1/108 871/1/108 872/1/108
f 872/1/113 695/1/113 874/1/113
f 870/1/113 874/1/113 695/1/113
f 870/1/102 221/1/102 874/1/102
f 875/1/102 874/1/102 221/1/102
f 871/1/114 873/1/114 221/1/114
f 875/1/114 221/1/114 873/1/114
f 873/1/25 872/1/25 875/1/25
f 874/1/25 875/1/25 872/1/25
f 876/1/27 877/1/27 540/1/27
f 877/1/27 876/1/27 730/1/27
f 878/1/103 540/1/103 877/1/103
f 540/1/103 878/1/103 879/1/103
f 879/1/115 876/1/115 540/1/115
f 876/1/115 879/1/115 880/1/115
f 876/1/105 881/1/105 730/1/105
f 881/1/105 876/1/105 880/1/105
f 881/1/116 877/1/116 730/1/116
f 877/1/116 881/1/116 878/1/116
f 878/1/25 880/1/25 879/1/25
f 880/1/25 878/1/25 881/1/25
f 730/1/25 876/1/25 877/1/25
f 540/1/25 877/1/25 876/1/25
f 879/1/102 878/1/102 540/1/102
f 877/1/102 540/1/102 878/1/102
f 880/1/117 879/1/117 876/1/117
f 540/1/117 876/1/117 879/1/117
f 880/1/108 876/1/108 881/1/108
f 730/1/108 881/1/108 876/1/108
f 878/1/118 881/1/118 877/1/118
f 730/1/118 877/1/118 881/1/118
f 881/1/27 878/1/27 880/1/27
f 879/1/27 880/1/27 878/1/27
f 883/1/173 882/1/173 885/1/173
f 883/1/173 885/1/173 884/1/173
f 886/1/174 883/1/174 884/1/174
f 886/1/174 884/1/174 887/1/174
f 888/1/175 886/1/175 887/1/175
f 888/1/175 887/1/175 889/1/175
f 890/1/176 888/1/176 889/1/176
f 890/1/176 889/1/176 891/1/176
f 892/1/177 890/1/177 891/1/177
f 892/1/177 891/1/177 893/1/177
f 894/1/178 892/1/178 893/1/178
f 894/1/178 893/1/178 895/1/178
f 896/1/179 894/1/179 895/1/179
f 896/1/179 895/1/179 897/1/179
f 898/1/180 896/1/180 897/1/180
f 898/1/180 897/1/180 899/1/180
f 900/1/181 898/1/181 899/1/181
f 900/1/181 899/1/181 901/1/181
f 902/1/182 900/1/182 901/1/182
f 902/1/182 901/1/182 903/1/182
f 904/1/183 902/1/183 903/1/183
f 904/1/183 903/1/183 905/1/183
f 906/1/184 904/1/184 905/1/184
f 906/1/184 905/1/184 907/1/184
f 908/1/185 906/1/185 907/1/185
f 908/1/185 907/1/185 909/1/185
f 910/1/186 908/1/186 909/1/186
f 910/1/186 909/1/186 911/1/186
f 912/1/187 910/1/187 911/1/187
f 912/1/187 911/1/187 913/1/187
f 914/1/188 912/1/188 913/1/188
f 914/1/188 913/1/188 915/1/188
f 916/1/189 914/1/189 915/1/189
f 916/1/189 915/1/189 917/1/189
f 918/1/190 916/1/190 917/1/190
f 918/1/190 917/1/190 919/1/190
f 920/1/191 918/1/191 919/1/191
f 920/1/191 919/1/191 921/1/191
f 922/1/192 920/1/192 921/1/192
f 922/1/192 921/1/192 923/1/192
f 924/1/193 922/1/193 923/1/193
f 924/1/193 923/1/193 925/1/193
f 926/1/194 924/1/194 925/1/194
f 926/1/194 925/1/194 927/1/194
f 928/1/195 926/1/195 927/1/195
f 928/1/195 927/1/195 929/1/195
f 930/1/196 928/1/196 929/1/196
f 930/1/196 929/1/196 931/1/196
f 932/1/197 930/1/197 931/1/197
f 932/1/197 931/1/197 933/1/197
f 934/1/198 932/1/198 933/1/198
f 934/1/198 933/1/198 935/1/198
f 936/1/199 934/1/199 935/1/199
f 936/1/199 935/1/199 937/1/199
f 938/1/200 936/1/200 937/1/200
f 938/1/200 937/1/200 939/1/200
f 940/1/201 938/1/201 939/1/201
f 940/1/201 939/1/201 941/1/201
f 942/1/202 940/1/202 941/1/202
f 942/1/202 941/1/202 943/1/202
f 944/1/203 942/1/203 943/1/203
f 944/1/203 943/1/203 945/1/203
f 946/1/204 944/1/204 945/1/204
f 946/1/204 945/1/204 947/1/204
f 948/1/205 946/1/205 947/1/205
f 948/1/205 947/1/205 949/1/205
f 950/1/206 948/1/206 949/1/206
f 950/1/206 949/1/206 951/1/206
f 952/1/207 950/1/207 951/1/207
f 952/1/207 951/1/207 953/1/207
f 954/1/208 952/1/208 953/1/208
f 954/1/208 953/1/208 955/1/208
f 956/1/209 954/1/209 955/1/209
f 956/1/209 955/1/209 957/1/209
f 958/1/210 956/1/210 957/1/210
f 958/1/210 957/1/210 959/1/210
f 960/1/211 958/1/211 959/1/211
f 960/1/211 959/1/211 961/1/211
f 962/1/212 960/1/212 961/1/212
f 962/1/212 961/1/212 963/1/212
f 964/1/213 962/1/213 963/1/213
f 964/1/213 963/1/213 965/1/213
f 966/1/214 964/1/214 965/1/214
f 966/1/214 965/1/214 967/1/214
f 968/1/215 966/1/215 967/1/215
f 968/1/215 967/1/215 969/1/215
f 970/1/216 968/1/216 969/1/216
f 970/1/216 969/1/216 971/1/216
f 972/1/217 970/1/217 971/1/217
f 972/1/217 971/1/217 973/1/217
f 974/1/218 972/1/218 973/1/218
f 974/1/218 973/1/218 975/1/218
f 976/1/219 974/1/219 975/1/219
f 976/1/219 975/1/219 977/1/219
f 978/1/220 976/1/220 977/1/220
f 978/1/220 977/1/220 979/1/220
f 980/1/221 978/1/221 979/1/221
f 980/1/221 979/1/221 981/1/221
f 882/1/222 980/1/222 981/1/222
f 882/1/222 981/1/222 885/1/222
f 884/1/223 885/1/223 983/1/223
f 884/1/223 983/1/223 982/1/223
f 887/1/224 884/1/224 982/1/224
f 887/1/224 982/1/224 984/1/224
f 889/1/225 887/1/225 984/1/225
f 889/1/225 984/1/225 985/1/225
f 891/1/226 889/1/226 985/1/226
f 891/1/226 985/1/226 986/1/226
f 893/1/227 891/1/227 986/1/227
f 893/1/227 986/1/227 987/1/227
f 895/1/228 893/1/228 987/1/228
f 895/1/228 987/1/228 988/1/228
f 897/1/229 895/1/229 988/1/229
f 897/1/229 988/1/229 989/1/229
f 899/1/230 897/1/230 989/1/230
f 899/1/230 989/1/230 990/1/230
f 901/1/231 899/1/231 990/1/231
f 901/1/231 990/1/231 991/1/231
f 903/1/232 901/1/232 991/1/232
f 903/1/232 991/1/232 992/1/232
f 905/1/233 903/1/233 992/1/233
f 905/1/233 992/1/233 993/1/233
f 907/1/234 905/1/234 993/1/234
f 907/1/234 993/1/234 994/1/234
f 909/1/235 907/1/235 994/1/235
f 909/1/235 994/1/235 995/1/235
f 911/1/236 909/1/236 995/1/236
f 911/1/236 995/1/236 996/1/236
f 913/1/237 911/1/237 996/1/237
f 913/1/237 996/1/237 997/1/237
f 915/1/238 913/1/238 997/1/238
f 915/1/238 997/1/238 998/1/238
f 917/1/239 915/1/239 998/1/239
f 917/1/239 998/1/239 999/1/239
f 919/1/240 917/1/240 999/1/240
f 919/1/240 999/1/240 1000/1/240
f 921/1/241 919/1/241 1000/1/241
f 921/1/241 1000/1/241 1001/1/241
f 923/1/242 921/1/242 1001/1/242
f 923/1/242 1001/1/242 1002/1/242
f 925/1/243 923/1/243 1002/1/243
f 925/1/243 1002/1/243 1003/1/243
f 927/1/244 925/1/244 1003/1/244
f 927/1/244 1003/1/244 1004/1/244
f 929/1/245 927/1/245 1004/1/245
f 929/1/245 1004/1/245 1005/1/245
f 931/1/246 929/1/246 1005/1/246
f 931/1/246 1005/1/246 1006/1/246
f 933/1/149 931/1/149 1006/1/149
f 933/1/149 1006/1/149 1007/1/149
f 935/1/247 933/1/247 1007/1/247
f 935/1/247 1007/1/247 1008/1/247
f 937/1/248 935/1/248 1008/1/248
f 937/1/248 1008/1/248 1009/1/248
f 939/1/249 937/1/249 1009/1/249
f 939/1/249 1009/1/249 1010/1/249
f 941/1/250 939/1/250 1010/1/250
f 941/1/250 1010/1/250 1011/1/250
f 943/1/251 941/1/251 1011/1/251
f 943/1/251 1011/1/251 1012/1/251
f 945/1/252 943/1/252 1012/1/252
f 945/1/252 1012/1/252 1013/1/252
f 947/1/253 945/1/253 1013/1/253
f 947/1/253 1013/1/253 1014/1/253
f 949/1/254 947/1/254 1014/1/254
f 949/1/254 1014/1/254 1015/1/254
f 951/1/255 949/1/255 1015/1/255
f 951/1/255 1015/1/255 1016/1/255
f 953/1/256 951/1/256 1016/1/256
f 953/1/256 1016/1/256 1017/1/256
f 955/1/257 953/1/257 1017/1/257
f 955/1/257 1017/1/257 1018/1/257
f 957/1/258 955/1/258 1018/1/258
f 957/1/258 1018/1/258 1019/1/258
f 959/1/259 957/1/259 1019/1/259
f 959/1/259 1019/1/259 1020/1/259
f 961/1/260 959/1/260 1020/1/260
f 961/1/260 1020/1/260 1021/1/260
f 963/1/261 961/1/261 1021/1/261
f 963/1/261 1021/1/261 1022/1/261
f 965/1/262 963/1/262 1022/1/262
f 965/1/262 1022/1/262 1023/1/262
f 967/1/263 965/1/263 1023/1/263
f 967/1/263 1023/1/263 1024/1/263
f 969/1/264 967/1/264 1024/1/264
f 969/1/264 1024/1/264 1025/1/264
f 971/1/265 969/1/265 1025/1/265
f 971/1/265 1025/1/265 1026/1/265
f 973/1/266 971/1/266 1026/1/266
f 973/1/266 1026/1/266 1027/1/266
f 975/1/267 973/1/267 1027/1/267
f 975/1/267 1027/1/267 1028/1/267
f 977/1/268 975/1/268 1028/1/268
f 977/1/268 1028/1/268 1029/1/268
f 979/1/269 977/1/269 1029/1/269
f 979/1/269 1029/1/269 1030/1/269
f 981/1/270 979/1/270 1030/1/270
f 981/1/270 1030/1/270 1031/1/270
f 885/1/150 981/1/150 1031/1/150
f 885/1/150 1031/1/150 983/1/150
f 982/1/271 983/1/271 1033/1/271
f 982/1/271 1033/1/271 1032/1/271
f 984/1/272 982/1/272 1032/1/272
f 984/1/272 1032/1/272 1034/1/272
f 985/1/273 984/1/273 1034/1/273
f 985/1/273 1034/1/273 1035/1/273
f 986/1/274 985/1/274 1035/1/274
f 986/1/274 1035/1/274 1036/1/274
f 987/1/275 986/1/275 1036/1/275
f 987/1/275 1036/1/275 1037/1/275
f 988/1/276 987/1/276 1037/1/276
f 988/1/276 1037/1/276 1038/1/276
f 989/1/277 988/1/277 1038/1/277
f 989/1/277 1038/1/277 1039/1/277
f 990/1/278 989/1/278 1039/1/278
f 990/1/278 1039/1/278 1040/1/278
f 991/1/279 990/1/279 1040/1/279
f 991/1/279 1040/1/279 1041/1/279
f 992/1/280 991/1/280 1041/1/280
f 992/1/280 1041/1/280 1042/1/280
f 993/1/281 992/1/281 1042/1/281
f 993/1/281 1042/1/281 1043/1/281
f 994/1/282 993/1/282 1043/1/282
f 994/1/282 1043/1/282 1044/1/282
f 995/1/283 994/1/283 1044/1/283
f 995/1/283 1044/1/283 1045/1/283
f 996/1/284 995/1/284 1045/1/284
f 996/1/284 1045/1/284 1046/1/284
f 997/1/285 996/1/285 1046/1/285
f 997/1/285 1046/1/285 1047/1/285
f 998/1/286 997/1/286 1047/1/286
f 998/1/286 1047/1/286 1048/1/286
f 999/1/287 998/1/287 1048/1/287
f 999/1/287 1048/1/287 1049/1/287
f 1000/1/288 999/1/288 1049/1/288
f 1000/1/288 1049/1/288 1050/1/288
f 1001/1/289 1000/1/289 1050/1/289
f 1001/1/289 1050/1/289 1051/1/289
f 1002/1/290 1001/1/290 1051/1/290
f 1002/1/290 1051/1/290 1052/1/290
f 1003/1/291 1002/1/291 1052/1/291
f 1003/1/291 1052/1/291 1053/1/291
f 1004/1/292 1003/1/292 1053/1/292
f 1004/1/292 1053/1/292 1054/1/292
f 1005/1/293 1004/1/293 1054/1/293
f 1005/1/293 1054/1/293 1055/1/293
f 1006/1/294 1005/1/294 1055/1/294
f 1006/1/294 1055/1/294 1056/1/294
f 1007/1/295 1006/1/295 1056/1/295
f 1007/1/295 1056/1/295 1057/1/295
f 1008/1/296 1007/1/296 1057/1/296
f 1008/1/296 1057/1/296 1058/1/296
f 1009/1/297 1008/1/297 1058/1/297
f 1009/1/297 1058/1/297 1059/1/297
f 1010/1/298 1009/1/298 1059/1/298
f 1010/1/298 1059/1/298 1060/1/298
f 1011/1/299 1010/1/299 1060/1/299
f 1011/1/299 1060/1/299 1061/1/299
f 1012/1/300 1011/1/300 1061/1/300
f 1012/1/300 1061/1/300 1062/1/300
f 1013/1/301 1012/1/301 1062/1/301
f 1013/1/301 1062/1/301 1063/1/301
f 1014/1/302 1013/1/302 1063/1/302
f 1014/1/302 1063/1/302 1064/1/302
f 1015/1/303 1014/1/303 1064/1/303
f 1015/1/303 1064/1/303 1065/1/303
f 1016/1/304 1015/1/304 1065/1/304
f 1016/1/304 1065/1/304 1066/1/304
f 1017/1/305 1016/1/305 1066/1/305
f 1017/1/305 1066/1/305 1067/1/305
f 1018/1/306 1017/1/306 1067/1/306
f 1018/1/306 1067/1/306 1068/1/306
f 1019/1/307 1018/1/307 1068/1/307
f 1019/1/307 1068/1/307 1069/1/307
f 1020/1/308 1019/1/308 1069/1/308
f 1020/1/308 1069/1/308 1070/1/308
f 1021/1/309 1020/1/309 1070/1/309
f 1021/1/309 1070/1/309 1071/1/309
f 1022/1/310 1021/1/310 1071/1/310
f 1022/1/310 1071/1/310 1072/1/310
f 1023/1/311 1022/1/311 1072/1/311
f 1023/1/311 1072/1/311 1073/1/311
f 1024/1/312 1023/1/312 1073/1/312
f 1024/1/312 1073/1/312 1074/1/312
f 1025/1/313 1024/1/313 1074/1/313
f 1025/1/313 1074/1/313 1075/1/313
f 1026/1/314 1025/1/314 1075/1/314
f 1026/1/314 1075/1/314 1076/1/314
f 1027/1/315 1026/1/315 1076/1/315
f 1027/1/315 1076/1/315 1077/1/315
f 1028/1/316 1027/1/316 1077/1/316
f 1028/1/316 1077/1/316 1078/1/316
f 1029/1/317 1028/1/317 1078/1/317
f 1029/1/317 1078/1/317 1079/1/317
f 1030/1/318 1029/1/318 1079/1/318
f 1030/1/318 1079/1/318 1080/1/318
f 1031/1/319 1030/1/319 1080/1/319
f 1031/1/319 1080/1/319 1081/1/319
f 983/1/320 1031/1/320 1081/1/320
f 983/1/320 1081/1/320 1033/1/320
f 883/1/27 1082/1/27 882/1/27
f 1033/1/25 1083/1/25 1032/1/25
f 886/1/27 1082/1/27 883/1/27
f 1032/1/25 1083/1/25 1034/1/25
f 888/1/27 1082/1/27 886/1/27
f 1034/1/25 1083/1/25 1035/1/25
f 890/1/27 1082/1/27 888/1/27
f 1035/1/25 1083/1/25 1036/1/25
f 892/1/27 1082/1/27 890/1/27
f 1036/1/25 1083/1/25 1037/1/25
f 894/1/27 1082/1/27 892/1/27
f 1037/1/25 1083/1/25 1038/1/25
f 896/1/27 1082/1/27 894/1/27
f 1038/1/25 1083/1/25 1039/1/25
f 898/1/27 1082/1/27 896/1/27
f 1039/1/25 1083/1/25 1040/1/25
f 900/1/27 1082/1/27 898/1/27
f 1040/1/25 1083/1/25 1041/1/25
f 902/1/27 1082/1/27 900/1/27
f 1041/1/25 1083/1/25 1042/1/25
f 904/1/27 1082/1/27 902/1/27
f 1042/1/25 1083/1/25 1043/1/25
f 906/1/27 1082/1/27 904/1/27
f 1043/1/25 1083/1/25 1044/1/25
f 908/1/27 1082/1/27 906/1/27
f 1044/1/25 1083/1/25 1045/1/25
f 910/1/27 1082/1/27 908/1/27
f 1045/1/25 1083/1/25 1046/1/25
f 912/1/27 1082/1/27 910/1/27
f 1046/1/25 1083/1/25 1047/1/25
f 914/1/27 1082/1/27 912/1/27
f 1047/1/25 1083/1/25 1048/1/25
f 916/1/27 1082/1/27 914/1/27
f 1048/1/25 1083/1/25 1049/1/25
f 918/1/27 1082/1/27 916/1/27
f 1049/1/25 1083/1/25 1050/1/25
f 920/1/27 1082/1/27 918/1/27
f 1050/1/25 1083/1/25 1051/1/25
f 922/1/27 1082/1/27 920/1/27
f 1051/1/25 1083/1/25 1052/1/25
f 924/1/27 1082/1/27 922/1/27
f 1052/1/25 1083/1/25 1053/1/25
f 926/1/27 1082/1/27 924/1/27
f 1053/1/25 1083/1/25 1054/1/25
f 928/1/27 1082/1/27 926/1/27
f 1054/1/25 1083/1/25 1055/1/25
f 930/1/27 1082/1/27 928/1/27
f 1055/1/25 1083/1/25 1056/1/25
f 932/1/27 1082/1/27 930/1/27
f 1056/1/25 1083/1/25 1057/1/25
f 934/1/27 1082/1/27 932/1/27
f 1057/1/25 1083/1/25 1058/1/25
f 936/1/27 1082/1/27 934/1/27
f 1058/1/25 1083/1/25 1059/1/25
f 938/1/27 1082/1/27 936/1/27
f 1059/1/25 1083/1/25 1060/1/25
f 940/1/27 1082/1/27 938/1/27
f 1060/1/25 1083/1/25 1061/1/25
f 942/1/27 1082/1/27 940/1/27
f 1061/1/25 1083/1/25 1062/1/25
f 944/1/27 1082/1/27 942/1/27
f 1062/1/25 1083/1/25 1063/1/25
f 946/1/27 1082/1/27 944/1/27
f 1063/1/25 1083/1/25 1064/1/25
f 948/1/27 1082/1/27 946/1/27
f 1064/1/25 1083/1/25 1065/1/25
f 950/1/27 1082/1/27 948/1/27
f 1065/1/25 1083/1/25 1066/1/25
f 952/1/27 1082/1/27 950/1/27
f 1066/1/25 1083/1/25 1067/1/25
f 954/1/27 1082/1/27 952/1/27
f 1067/1/25 1083/1/25 1068/1/25
f 956/1/27 1082/1/27 954/1/27
f 1068/1/25 1083/1/25 1069/1/25
f 958/1/27 1082/1/27 956/1/27
f 1069/1/25 1083/1/25 1070/1/25
f 960/1/27 1082/1/27 958/1/27
f 1070/1/25 1083/1/25 1071/1/25
f 962/1/27 1082/1/27 960/1/27
f 1071/1/25 1083/1/25 1072/1/25
f 964/1/27 1082/1/27 962/1/27
f 1072/1/25 1083/1/25 1073/1/25
f 966/1/27 1082/1/27 964/1/27
f 1073/1/25 1083/1/25 1074/1/25
f 968/1/27 1082/1/27 966/1/27
f 1074/1/25 1083/1/25 1075/1/25
f 970/1/27 1082/1/27 968/1/27
f 1075/1/25 1083/1/25 1076/1/25
f 972/1/27 1082/1/27 970/1/27
f 1076/1/25 1083/1/25 1077/1/25
f 974/1/27 1082/1/27 972/1/27
f 1077/1/25 1083/1/25 1078/1/25
f 976/1/27 1082/1/27 974/1/27
f 1078/1/25 1083/1/25 1079/1/25
f 978/1/27 1082/1/27 976/1/27
f 1079/1/25 1083/1/25 1080/1/25
f 980/1/27 1082/1/27 978/1/27
f 1080/1/25 1083/1/25 1081/1/25
f 882/1/27 1082/1/27 980/1/27
f 1081/1/25 1083/1/25 1033/1/25
f 1085/1/321 1084/1/321 1087/1/321
f 1085/1/322 1087/1/322 1086/1/322
f 1088/1/174 1085/1/174 1086/1/174
f 1088/1/174 1086/1/174 1089/1/174
f 1090/1/175 1088/1/175 1089/1/175
f 1090/1/175 1089/1/175 1091/1/175
f 1092/1/176 1090/1/176 1091/1/176
f 1092/1/176 1091/1/176 1093/1/176
f 1094/1/177 1092/1/177 1093/1/177
f 1094/1/177 1093/1/177 1095/1/177
f 1096/1/178 1094/1/178 1095/1/178
f 1096/1/178 1095/1/178 1097/1/178
f 1098/1/179 1096/1/179 1097/1/179
f 1098/1/179 1097/1/179 1099/1/179
f 1100/1/180 1098/1/180 1099/1/180
f 1100/1/180 1099/1/180 1101/1/180
f 1102/1/181 1100/1/181 1101/1/181
f 1102/1/181 1101/1/181 1103/1/181
f 1104/1/182 1102/1/182 1103/1/182
f 1104/1/182 1103/1/182 1105/1/182
f 1106/1/183 1104/1/183 1105/1/183
f 1106/1/183 1105/1/183 1107/1/183
f 1108/1/184 1106/1/184 1107/1/184
f 1108/1/184 1107/1/184 1109/1/184
f 1110/1/185 1108/1/185 1109/1/185
f 1110/1/185 1109/1/185 1111/1/185
f 1112/1/186 1110/1/186 1111/1/186
f 1112/1/186 1111/1/186 1113/1/186
f 1114/1/187 1112/1/187 1113/1/187
f 1114/1/187 1113/1/187 1115/1/187
f 1116/1/188 1114/1/188 1115/1/188
f 1116/1/188 1115/1/188 1117/1/188
f 1118/1/189 1116/1/189 1117/1/189
f 1118/1/189 1117/1/189 1119/1/189
f 1120/1/190 1118/1/190 1119/1/190
f 1120/1/190 1119/1/190 1121/1/190
f 1122/1/191 1120/1/191 1121/1/191
f 1122/1/191 1121/1/191 1123/1/191
f 1124/1/192 1122/1/192 1123/1/192
f 1124/1/192 1123/1/192 1125/1/192
f 1126/1/193 1124/1/193 1125/1/193
f 1126/1/193 1125/1/193 1127/1/193
f 1128/1/194 1126/1/194 1127/1/194
f 1128/1/194 1127/1/194 1129/1/194
f 1130/1/195 1128/1/195 1129/1/195
f 1130/1/195 1129/1/195 1131/1/195
f 1132/1/196 1130/1/196 1131/1/196
f 1132/1/323 1131/1/323 1133/1/323
f 1134/1/324 1132/1/324 1133/1/324
f 1134/1/324 1133/1/324 1135/1/324
f 1136/1/325 1134/1/325 1135/1/325
f 1136/1/326 1135/1/326 1137/1/326
f 1138/1/199 1136/1/199 1137/1/199
f 1138/1/199 1137/1/199 1139/1/199
f 1140/1/200 1138/1/200 1139/1/200
f 1140/1/200 1139/1/200 1141/1/200
f 1142/1/201 1140/1/201 1141/1/201
f 1142/1/201 1141/1/201 1143/1/201
f 1144/1/202 1142/1/202 1143/1/202
f 1144/1/202 1143/1/202 1145/1/202
f 1146/1/203 1144/1/203 1145/1/203
f 1146/1/203 1145/1/203 1147/1/203
f 1148/1/204 1146/1/204 1147/1/204
f 1148/1/204 1147/1/204 1149/1/204
f 1150/1/205 1148/1/205 1149/1/205
f 1150/1/205 1149/1/205 1151/1/205
f 1152/1/206 1150/1/206 1151/1/206
f 1152/1/206 1151/1/206 1153/1/206
f 1154/1/207 1152/1/207 1153/1/207
f 1154/1/207 1153/1/207 1155/1/207
f 1156/1/208 1154/1/208 1155/1/208
f 1156/1/208 1155/1/208 1157/1/208
f 1158/1/209 1156/1/209 1157/1/209
f 1158/1/209 1157/1/209 1159/1/209
f 1160/1/210 1158/1/210 1159/1/210
f 1160/1/210 1159/1/210 1161/1/210
f 1162/1/211 1160/1/211 1161/1/211
f 1162/1/211 1161/1/211 1163/1/211
f 1164/1/212 1162/1/212 1163/1/212
f 1164/1/212 1163/1/212 1165/1/212
f 1166/1/213 1164/1/213 1165/1/213
f 1166/1/213 1165/1/213 1167/1/213
f 1168/1/214 1166/1/214 1167/1/214
f 1168/1/214 1167/1/214 1169/1/214
f 1170/1/215 1168/1/215 1169/1/215
f 1170/1/215 1169/1/215 1171/1/215
f 1172/1/216 1170/1/216 1171/1/216
f 1172/1/216 1171/1/216 1173/1/216
f 1174/1/217 1172/1/217 1173/1/217
f 1174/1/217 1173/1/217 1175/1/217
f 1176/1/218 1174/1/218 1175/1/218
f 1176/1/218 1175/1/218 1177/1/218
f 1178/1/219 1176/1/219 1177/1/219
f 1178/1/219 1177/1/219 1179/1/219
f 1180/1/220 1178/1/220 1179/1/220
f 1180/1/220 1179/1/220 1181/1/220
f 1182/1/221 1180/1/221 1181/1/221
f 1182/1/327 1181/1/327 1183/1/327
f 1084/1/328 1182/1/328 1183/1/328
f 1084/1/328 1183/1/328 1087/1/328
f 1086/1/329 1087/1/329 1185/1/329
f 1086/1/329 1185/1/329 1184/1/329
f 1089/1/224 1086/1/224 1184/1/224
f 1089/1/224 1184/1/224 1186/1/224
f 1091/1/225 1089/1/225 1186/1/225
f 1091/1/225 1186/1/225 1187/1/225
f 1093/1/226 1091/1/226 1187/1/226
f 1093/1/226 1187/1/226 1188/1/226
f 1095/1/227 1093/1/227 1188/1/227
f 1095/1/227 1188/1/227 1189/1/227
f 1097/1/228 1095/1/228 1189/1/228
f 1097/1/228 1189/1/228 1190/1/228
f 1099/1/229 1097/1/229 1190/1/229
f 1099/1/229 1190/1/229 1191/1/229
f 1101/1/230 1099/1/230 1191/1/230
f 1101/1/230 1191/1/230 1192/1/230
f 1103/1/231 1101/1/231 1192/1/231
f 1103/1/231 1192/1/231 1193/1/231
f 1105/1/232 1103/1/232 1193/1/232
f 1105/1/232 1193/1/232 1194/1/232
f 1107/1/233 1105/1/233 1194/1/233
f 1107/1/233 1194/1/233 1195/1/233
f 1109/1/234 1107/1/234 1195/1/234
f 1109/1/234 1195/1/234 1196/1/234
f 1111/1/235 1109/1/235 1196/1/235
f 1111/1/235 1196/1/235 1197/1/235
f 1113/1/236 1111/1/236 1197/1/236
f 1113/1/236 1197/1/236 1198/1/236
f 1115/1/237 1113/1/237 1198/1/237
f 1115/1/237 1198/1/237 1199/1/237
f 1117/1/238 1115/1/238 1199/1/238
f 1117/1/238 1199/1/238 1200/1/238
f 1119/1/239 1117/1/239 1200/1/239
f 1119/1/239 1200/1/239 1201/1/239
f 1121/1/240 1119/1/240 1201/1/240
f 1121/1/240 1201/1/240 1202/1/240
f 1123/1/241 1121/1/241 1202/1/241
f 1123/1/241 1202/1/241 1203/1/241
f 1125/1/242 1123/1/242 1203/1/242
f 1125/1/242 1203/1/242 1204/1/242
f 1127/1/243 1125/1/243 1204/1/243
f 1127/1/243 1204/1/243 1205/1/243
f 1129/1/244 1127/1/244 1205/1/244
f 1129/1/244 1205/1/244 1206/1/244
f 1131/1/245 1129/1/245 1206/1/245
f 1131/1/245 1206/1/245 1207/1/245
f 1133/1/330 1131/1/330 1207/1/330
f 1133/1/330 1207/1/330 1208/1/330
f 1137/1/331 1135/1/331 1209/1/331
f 1137/1/331 1209/1/331 1210/1/331
f 1139/1/248 1137/1/248 1210/1/248
f 1139/1/248 1210/1/248 1211/1/248
f 1141/1/249 1139/1/249 1211/1/249
f 1141/1/249 1211/1/249 1212/1/249
f 1143/1/250 1141/1/250 1212/1/250
f 1143/1/250 1212/1/250 1213/1/250
f 1145/1/251 1143/1/251 1213/1/251
f 1145/1/251 1213/1/251 1214/1/251
f 1147/1/252 1145/1/252 1214/1/252
f 1147/1/252 1214/1/252 1215/1/252
f 1149/1/253 1147/1/253 1215/1/253
f 1149/1/253 1215/1/253 1216/1/253
f 1151/1/254 1149/1/254 1216/1/254
f 1151/1/254 1216/1/254 1217/1/254
f 1153/1/255 1151/1/255 1217/1/255
f 1153/1/255 1217/1/255 1218/1/255
f 1155/1/256 1153/1/256 1218/1/256
f 1155/1/256 1218/1/256 1219/1/256
f 1157/1/257 1155/1/257 1219/1/257
f 1157/1/257 1219/1/257 1220/1/257
f 1159/1/258 1157/1/258 1220/1/258
f 1159/1/258 1220/1/258 1221/1/258
f 1161/1/259 1159/1/259 1221/1/259
f 1161/1/259 1221/1/259 1222/1/259
f 1163/1/260 1161/1/260 1222/1/260
f 1163/1/260 1222/1/260 1223/1/260
f 1165/1/261 1163/1/261 1223/1/261
f 1165/1/261 1223/1/261 1224/1/261
f 1167/1/262 1165/1/262 1224/1/262
f 1167/1/262 1224/1/262 1225/1/262
f 1169/1/263 1167/1/263 1225/1/263
f 1169/1/263 1225/1/263 1226/1/263
f 1171/1/264 1169/1/264 1226/1/264
f 1171/1/264 1226/1/264 1227/1/264
f 1173/1/265 1171/1/265 1227/1/265
f 1173/1/265 1227/1/265 1228/1/265
f 1175/1/266 1173/1/266 1228/1/266
f 1175/1/266 1228/1/266 1229/1/266
f 1177/1/267 1175/1/267 1229/1/267
f 1177/1/267 1229/1/267 1230/1/267
f 1179/1/268 1177/1/268 1230/1/268
f 1179/1/268 1230/1/268 1231/1/268
f 1181/1/269 1179/1/269 1231/1/269
f 1181/1/269 1231/1/269 1232/1/269
f 1183/1/332 1181/1/332 1232/1/332
f 1183/1/332 1232/1/332 1233/1/332
f 1184/1/333 1185/1/333 1235/1/333
f 1184/1/271 1235/1/271 1234/1/271
f 1186/1/272 1184/1/272 1234/1/272
f 1186/1/272 1234/1/272 1236/1/272
f 1187/1/273 1186/1/273 1236/1/273
f 1187/1/273 1236/1/273 1237/1/273
f 1188/1/274 1187/1/274 1237/1/274
f 1188/1/274 1237/1/274 1238/1/274
f 1189/1/275 1188/1/275 1238/1/275
f 1189/1/275 1238/1/275 1239/1/275
f 1190/1/276 1189/1/276 1239/1/276
f 1190/1/276 1239/1/276 1240/1/276
f 1191/1/277 1190/1/277 1240/1/277
f 1191/1/277 1240/1/277 1241/1/277
f 1192/1/278 1191/1/278 1241/1/278
f 1192/1/278 1241/1/278 1242/1/278
f 1193/1/279 1192/1/279 1242/1/279
f 1193/1/279 1242/1/279 1243/1/279
f 1194/1/280 1193/1/280 1243/1/280
f 1194/1/280 1243/1/280 1244/1/280
f 1195/1/281 1194/1/281 1244/1/281
f 1195/1/281 1244/1/281 1245/1/281
f 1196/1/282 1195/1/282 1245/1/282
f 1196/1/282 1245/1/282 1246/1/282
f 1197/1/283 1196/1/283 1246/1/283
f 1197/1/283 1246/1/283 1247/1/283
f 1198/1/284 1197/1/284 1247/1/284
f 1198/1/284 1247/1/284 1248/1/284
f 1199/1/285 1198/1/285 1248/1/285
f 1199/1/285 1248/1/285 1249/1/285
f 1200/1/286 1199/1/286 1249/1/286
f 1200/1/286 1249/1/286 1250/1/286
f 1201/1/287 1200/1/287 1250/1/287
f 1201/1/287 1250/1/287 1251/1/287
f 1202/1/288 1201/1/288 1251/1/288
f 1202/1/288 1251/1/288 1252/1/288
f 1203/1/289 1202/1/289 1252/1/289
f 1203/1/289 1252/1/289 1253/1/289
f 1204/1/290 1203/1/290 1253/1/290
f 1204/1/290 1253/1/290 1254/1/290
f 1205/1/291 1204/1/291 1254/1/291
f 1205/1/291 1254/1/291 1255/1/291
f 1206/1/292 1205/1/292 1255/1/292
f 1206/1/292 1255/1/292 1256/1/292
f 1207/1/293 1206/1/293 1256/1/293
f 1207/1/293 1256/1/293 1257/1/293
f 1208/1/334 1207/1/334 1257/1/334
f 1208/1/335 1257/1/335 1258/1/335
f 1209/1/336 1208/1/336 1258/1/336
f 1209/1/336 1258/1/336 1259/1/336
f 1210/1/337 1209/1/337 1259/1/337
f 1210/1/296 1259/1/296 1260/1/296
f 1211/1/297 1210/1/297 1260/1/297
f 1211/1/297 1260/1/297 1261/1/297
f 1212/1/298 1211/1/298 1261/1/298
f 1212/1/298 1261/1/298 1262/1/298
f 1213/1/299 1212/1/299 1262/1/299
f 1213/1/299 1262/1/299 1263/1/299
f 1214/1/300 1213/1/300 1263/1/300
f 1214/1/300 1263/1/300 1264/1/300
f 1215/1/301 1214/1/301 1264/1/301
f 1215/1/301 1264/1/301 1265/1/301
f 1216/1/302 1215/1/302 1265/1/302
f 1216/1/302 1265/1/302 1266/1/302
f 1217/1/303 1216/1/303 1266/1/303
f 1217/1/303 1266/1/303 1267/1/303
f 1218/1/304 1217/1/304 1267/1/304
f 1218/1/304 1267/1/304 1268/1/304
f 1219/1/305 1218/1/305 1268/1/305
f 1219/1/305 1268/1/305 1269/1/305
f 1220/1/306 1219/1/306 1269/1/306
f 1220/1/306 1269/1/306 1270/1/306
f 1221/1/307 1220/1/307 1270/1/307
f 1221/1/307 1270/1/307 1271/1/307
f 1222/1/308 1221/1/308 1271/1/308
f 1222/1/308 1271/1/308 1272/1/308
f 1223/1/309 1222/1/309 1272/1/309
f 1223/1/309 1272/1/309 1273/1/309
f 1224/1/310 1223/1/310 1273/1/310
f 1224/1/310 1273/1/310 1274/1/310
f 1225/1/311 1224/1/311 1274/1/311
f 1225/1/311 1274/1/311 1275/1/311
f 1226/1/312 1225/1/312 1275/1/312
f 1226/1/312 1275/1/312 1276/1/312
f 1227/1/313 1226/1/313 1276/1/313
f 1227/1/313 1276/1/313 1277/1/313
f 1228/1/314 1227/1/314 1277/1/314
f 1228/1/314 1277/1/314 1278/1/314
f 1229/1/315 1228/1/315 1278/1/315
f 1229/1/315 1278/1/315 1279/1/315
f 1230/1/316 1229/1/316 1279/1/316
f 1230/1/316 1279/1/316 1280/1/316
f 1231/1/317 1230/1/317 1280/1/317
f 1231/1/317 1280/1/317 1281/1/317
f 1232/1/318 1231/1/318 1281/1/318
f 1232/1/318 1281/1/318 1282/1/318
f 1233/1/338 1232/1/338 1282/1/338
f 1233/1/339 1282/1/339 1283/1/339
f 1185/1/340 1233/1/340 1283/1/340
f 1185/1/340 1283/1/340 1235/1/340
f 1085/1/27 1083/1/27 1084/1/27
f 1235/1/25 1284/1/25 1234/1/25
f 1088/1/27 1083/1/27 1085/1/27
f 1234/1/25 1284/1/25 1236/1/25
f 1090/1/27 1083/1/27 1088/1/27
f 1236/1/25 1284/1/25 1237/1/25
f 1092/1/27 1083/1/27 1090/1/27
f 1237/1/25 1284/1/25 1238/1/25
f 1094/1/27 1083/1/27 1092/1/27
f 1238/1/25 1284/1/25 1239/1/25
f 1096/1/27 1083/1/27 1094/1/27
f 1239/1/25 1284/1/25 1240/1/25
f 1098/1/27 1083/1/27 1096/1/27
f 1240/1/25 1284/1/25 1241/1/25
f 1100/1/27 1083/1/27 1098/1/27
f 1241/1/25 1284/1/25 1242/1/25
f 1102/1/27 1083/1/27 1100/1/27
f 1242/1/25 1284/1/25 1243/1/25
f 1104/1/27 1083/1/27 1102/1/27
f 1243/1/25 1284/1/25 1244/1/25
f 1106/1/27 1083/1/27 1104/1/27
f 1244/1/25 1284/1/25 1245/1/25
f 1108/1/27 1083/1/27 1106/1/27
f 1245/1/25 1284/1/25 1246/1/25
f 1110/1/27 1083/1/27 1108/1/27
f 1246/1/25 1284/1/25 1247/1/25
f 1112/1/27 1083/1/27 1110/1/27
f 1247/1/25 1284/1/25 1248/1/25
f 1114/1/27 1083/1/27 1112/1/27
f 1248/1/25 1284/1/25 1249/1/25
f 1116/1/27 1083/1/27 1114/1/27
f 1249/1/25 1284/1/25 1250/1/25
f 1118/1/27 1083/1/27 1116/1/27
f 1250/1/25 1284/1/25 1251/1/25
f 1120/1/27 1083/1/27 1118/1/27
f 1251/1/25 1284/1/25 1252/1/25
f 1122/1/27 1083/1/27 1120/1/27
f 1252/1/25 1284/1/25 1253/1/25
f 1124/1/27 1083/1/27 1122/1/27
f 1253/1/25 1284/1/25 1254/1/25
f 1126/1/27 1083/1/27 1124/1/27
f 1254/1/25 1284/1/25 1255/1/25
f 1128/1/27 1083/1/27 1126/1/27
f 1255/1/25 1284/1/25 1256/1/25
f 1130/1/27 1083/1/27 1128/1/27
f 1256/1/25 1284/1/25 1257/1/25
f 1132/1/27 1083/1/27 1130/1/27
f 1257/1/25 1284/1/25 1258/1/25
f 1134/1/27 1083/1/27 1132/1/27
f 1258/1/25 1284/1/25 1259/1/25
f 1136/1/27 1083/1/27 1134/1/27
f 1259/1/25 1284/1/25 1260/1/25
f 1138/1/27 1083/1/27 1136/1/27
f 1260/1/25 1284/1/25 1261/1/25
f 1140/1/27 1083/1/27 1138/1/27
f 1261/1/25 1284/1/25 1262/1/25
f 1142/1/27 1083/1/27 1140/1/27
f 1262/1/25 1284/1/25 1263/1/25
f 1144/1/27 1083/1/27 1142/1/27
f 1263/1/25 1284/1/25 1264/1/25
f 1146/1/27 1083/1/27 1144/1/27
f 1264/1/25 1284/1/25 1265/1/25
f 1148/1/27 1083/1/27 1146/1/27
f 1265/1/25 1284/1/25 1266/1/25
f 1150/1/27 1083/1/27 1148/1/27
f 1266/1/25 1284/1/25 1267/1/25
f 1152/1/27 1083/1/27 1150/1/27
f 1267/1/25 1284/1/25 1268/1/25
f 1154/1/27 1083/1/27 1152/1/27
f 1268/1/25 1284/1/25 1269/1/25
f 1156/1/27 1083/1/27 1154/1/27
f 1269/1/25 1284/1/25 1270/1/25
f 1158/1/27 1083/1/27 1156/1/27
f 1270/1/25 1284/1/25 1271/1/25
f 1160/1/27 1083/1/27 1158/1/27
f 1271/1/25 1284/1/25 1272/1/25
f 1162/1/27 1083/1/27 1160/1/27
f 1272/1/25 1284/1/25 1273/1/25
f 1164/1/27 1083/1/27 1162/1/27
f 1273/1/25 1284/1/25 1274/1/25
f 1166/1/27 1083/1/27 1164/1/27
f 1274/1/25 1284/1/25 1275/1/25
f 1168/1/27 1083/1/27 1166/1/27
f 1275/1/25 1284/1/25 1276/1/25
f 1170/1/27 1083/1/27 1168/1/27
f 1276/1/25 1284/1/25 1277/1/25
f 1172/1/27 1083/1/27 1170/1/27
f 1277/1/25 1284/1/25 1278/1/25
f 1174/1/27 1083/1/27 1172/1/27
f 1278/1/25 1284/1/25 1279/1/25
f 1176/1/27 1083/1/27 1174/1/27
f 1279/1/25 1284/1/25 1280/1/25
f 1178/1/27 1083/1/27 1176/1/27
f 1280/1/25 1284/1/25 1281/1/25
f 1180/1/27 1083/1/27 1178/1/27
f 1281/1/25 1284/1/25 1282/1/25
f 1182/1/27 1083/1/27 1180/1/27
f 1282/1/25 1284/1/25 1283/1/25
f 1084/1/27 1083/1/27 1182/1/27
f 1283/1/25 1284/1/25 1235/1/25
f 1286/1/173 1285/1/173 1288/1/173
f 1286/1/173 1288/1/173 1287/1/173
f 1289/1/174 1286/1/174 1287/1/174
f 1289/1/174 1287/1/174 1290/1/174
f 1291/1/175 1289/1/175 1290/1/175
f 1291/1/175 1290/1/175 1292/1/175
f 1293/1/176 1291/1/176 1292/1/176
f 1293/1/176 1292/1/176 1294/1/176
f 1295/1/177 1293/1/177 1294/1/177
f 1295/1/177 1294/1/177 1296/1/177
f 1297/1/178 1295/1/178 1296/1/178
f 1297/1/178 1296/1/178 1298/1/178
f 1299/1/179 1297/1/179 1298/1/179
f 1299/1/179 1298/1/179 1300/1/179
f 1301/1/180 1299/1/180 1300/1/180
f 1301/1/180 1300/1/180 1302/1/180
f 1303/1/181 1301/1/181 1302/1/181
f 1303/1/181 1302/1/181 1304/1/181
f 1305/1/182 1303/1/182 1304/1/182
f 1305/1/182 1304/1/182 1306/1/182
f 1307/1/183 1305/1/183 1306/1/183
f 1307/1/183 1306/1/183 1308/1/183
f 1309/1/184 1307/1/184 1308/1/184
f 1309/1/184 1308/1/184 1310/1/184
f 1311/1/185 1309/1/185 1310/1/185
f 1311/1/185 1310/1/185 1312/1/185
f 1313/1/186 1311/1/186 1312/1/186
f 1313/1/186 1312/1/186 1314/1/186
f 1315/1/187 1313/1/187 1314/1/187
f 1315/1/187 1314/1/187 1316/1/187
f 1317/1/188 1315/1/188 1316/1/188
f 1317/1/188 1316/1/188 1318/1/188
f 1319/1/189 1317/1/189 1318/1/189
f 1319/1/189 1318/1/189 1320/1/189
f 1321/1/190 1319/1/190 1320/1/190
f 1321/1/190 1320/1/190 1322/1/190
f 1323/1/191 1321/1/191 1322/1/191
f 1323/1/191 1322/1/191 1324/1/191
f 1325/1/192 1323/1/192 1324/1/192
f 1325/1/192 1324/1/192 1326/1/192
f 1327/1/193 1325/1/193 1326/1/193
f 1327/1/193 1326/1/193 1328/1/193
f 1329/1/194 1327/1/194 1328/1/194
f 1329/1/194 1328/1/194 1330/1/194
f 1331/1/195 1329/1/195 1330/1/195
f 1331/1/195 1330/1/195 1332/1/195
f 1333/1/196 1331/1/196 1332/1/196
f 1333/1/196 1332/1/196 1334/1/196
f 1335/1/197 1333/1/197 1334/1/197
f 1335/1/197 1334/1/197 1336/1/197
f 1337/1/198 1335/1/198 1336/1/198
f 1337/1/198 1336/1/198 1338/1/198
f 1339/1/199 1337/1/199 1338/1/199
f 1339/1/199 1338/1/199 1340/1/199
f 1341/1/200 1339/1/200 1340/1/200
f 1341/1/200 1340/1/200 1342/1/200
f 1343/1/201 1341/1/201 1342/1/201
f 1343/1/201 1342/1/201 1344/1/201
f 1345/1/202 1343/1/202 1344/1/202
f 1345/1/202 1344/1/202 1346/1/202
f 1347/1/203 1345/1/203 1346/1/203
f 1347/1/203 1346/1/203 1348/1/203
f 1349/1/204 1347/1/204 1348/1/204
f 1349/1/204 1348/1/204 1350/1/204
f 1351/1/205 1349/1/205 1350/1/205
f 1351/1/205 1350/1/205 1352/1/205
f 1353/1/206 1351/1/206 1352/1/206
f 1353/1/206 1352/1/206 1354/1/206
f 1355/1/207 1353/1/207 1354/1/207
f 1355/1/207 1354/1/207 1356/1/207
f 1357/1/208 1355/1/208 1356/1/208
f 1357/1/208 1356/1/208 1358/1/208
f 1359/1/209 1357/1/209 1358/1/209
f 1359/1/209 1358/1/209 1360/1/209
f 1361/1/210 1359/1/210 1360/1/210
f 1361/1/210 1360/1/210 1362/1/210
f 1363/1/211 1361/1/211 1362/1/211
f 1363/1/211 1362/1/211 1364/1/211
f 1365/1/212 1363/1/212 1364/1/212
f 1365/1/212 1364/1/212 1366/1/212
f 1367/1/213 1365/1/213 1366/1/213
f 1367/1/213 1366/1/213 1368/1/213
f 1369/1/214 1367/1/214 1368/1/214
f 1369/1/214 1368/1/214 1370/1/214
f 1371/1/215 1369/1/215 1370/1/215
f 1371/1/215 1370/1/215 1372/1/215
f 1373/1/216 1371/1/216 1372/1/216
f 1373/1/216 1372/1/216 1374/1/216
f 1375/1/217 1373/1/217 1374/1/217
f 1375/1/217 1374/1/217 1376/1/217
f 1377/1/218 1375/1/218 1376/1/218
f 1377/1/218 1376/1/218 1378/1/218
f 1379/1/219 1377/1/219 1378/1/219
f 1379/1/219 1378/1/219 1380/1/219
f 1381/1/220 1379/1/220 1380/1/220
f 1381/1/220 1380/1/220 1382/1/220
f 1383/1/221 1381/1/221 1382/1/221
f 1383/1/221 1382/1/221 1384/1/221
f 1285/1/222 1383/1/222 1384/1/222
f 1285/1/222 1384/1/222 1288/1/222
f 1287/1/223 1288/1/223 1386/1/223
f 1287/1/223 1386/1/223 1385/1/223
f 1290/1/224 1287/1/224 1385/1/224
f 1290/1/224 1385/1/224 1387/1/224
f 1292/1/225 1290/1/225 1387/1/225
f 1292/1/225 1387/1/225 1388/1/225
f 1294/1/226 1292/1/226 1388/1/226
f 1294/1/226 1388/1/226 1389/1/226
f 1296/1/227 1294/1/227 1389/1/227
f 1296/1/227 1389/1/227 1390/1/227
f 1298/1/228 1296/1/228 1390/1/228
f 1298/1/228 1390/1/228 1391/1/228
f 1300/1/229 1298/1/229 1391/1/229
f 1300/1/229 1391/1/229 1392/1/229
f 1302/1/230 1300/1/230 1392/1/230
f 1302/1/230 1392/1/230 1393/1/230
f 1304/1/231 1302/1/231 1393/1/231
f 1304/1/231 1393/1/231 1394/1/231
f 1306/1/232 1304/1/232 1394/1/232
f 1306/1/232 1394/1/232 1395/1/232
f 1308/1/233 1306/1/233 1395/1/233
f 1308/1/233 1395/1/233 1396/1/233
f 1310/1/234 1308/1/234 1396/1/234
f 1310/1/234 1396/1/234 1397/1/234
f 1312/1/235 1310/1/235 1397/1/235
f 1312/1/235 1397/1/235 1398/1/235
f 1314/1/236 1312/1/236 1398/1/236
f 1314/1/236 1398/1/236 1399/1/236
f 1316/1/237 1314/1/237 1399/1/237
f 1316/1/237 1399/1/237 1400/1/237
f 1318/1/238 1316/1/238 1400/1/238
f 1318/1/238 1400/1/238 1401/1/238
f 1320/1/239 1318/1/239 1401/1/239
f 1320/1/239 1401/1/239 1402/1/239
f 1322/1/240 1320/1/240 1402/1/240
f 1322/1/240 1402/1/240 1403/1/240
f 1324/1/241 1322/1/241 1403/1/241
f 1324/1/241 1403/1/241 1404/1/241
f 1326/1/242 1324/1/242 1404/1/242
f 1326/1/242 1404/1/242 1405/1/242
f 1328/1/243 1326/1/243 1405/1/243
f 1328/1/243 1405/1/243 1406/1/243
f 1330/1/244 1328/1/244 1406/1/244
f 1330/1/244 1406/1/244 1407/1/244
f 1332/1/245 1330/1/245 1407/1/245
f 1332/1/245 1407/1/245 1408/1/245
f 1334/1/246 1332/1/246 1408/1/246
f 1334/1/246 1408/1/246 1409/1/246
f 1336/1/149 1334/1/149 1409/1/149
f 1336/1/149 1409/1/149 1410/1/149
f 1338/1/247 1336/1/247 1410/1/247
f 1338/1/247 1410/1/247 1411/1/247
f 1340/1/248 1338/1/248 1411/1/248
f 1340/1/248 1411/1/248 1412/1/248
f 1342/1/249 1340/1/249 1412/1/249
f 1342/1/249 1412/1/249 1413/1/249
f 1344/1/250 1342/1/250 1413/1/250
f 1344/1/250 1413/1/250 1414/1/250
f 1346/1/251 1344/1/251 1414/1/251
f 1346/1/251 1414/1/251 1415/1/251
f 1348/1/252 1346/1/252 1415/1/252
f 1348/1/252 1415/1/252 1416/1/252
f 1350/1/253 1348/1/253 1416/1/253
f 1350/1/253 1416/1/253 1417/1/253
f 1352/1/254 1350/1/254 1417/1/254
f 1352/1/254 1417/1/254 1418/1/254
f 1354/1/255 1352/1/255 1418/1/255
f 1354/1/255 1418/1/255 1419/1/255
f 1356/1/256 1354/1/256 1419/1/256
f 1356/1/256 1419/1/256 1420/1/256
f 1358/1/257 1356/1/257 1420/1/257
f 1358/1/257 1420/1/257 1421/1/257
f 1360/1/258 1358/1/258 1421/1/258
f 1360/1/258 1421/1/258 1422/1/258
f 1362/1/259 1360/1/259 1422/1/259
f 1362/1/259 1422/1/259 1423/1/259
f 1364/1/260 1362/1/260 1423/1/260
f 1364/1/260 1423/1/260 1424/1/260
f 1366/1/261 1364/1/261 1424/1/261
f 1366/1/261 1424/1/261 1425/1/261
f 1368/1/262 1366/1/262 1425/1/262
f 1368/1/262 1425/1/262 1426/1/262
f 1370/1/263 1368/1/263 1426/1/263
f 1370/1/263 1426/1/263 1427/1/263
f 1372/1/264 1370/1/264 1427/1/264
f 1372/1/264 1427/1/264 1428/1/264
f 1374/1/265 1372/1/265 1428/1/265
f 1374/1/265 1428/1/265 1429/1/265
f 1376/1/266 1374/1/266 1429/1/266
f 1376/1/266 1429/1/266 1430/1/266
f 1378/1/267 1376/1/267 1430/1/267
f 1378/1/267 1430/1/267 1431/1/267
f 1380/1/268 1378/1/268 1431/1/268
f 1380/1/268 1431/1/268 1432/1/268
f 1382/1/269 1380/1/269 1432/1/269
f 1382/1/269 1432/1/269 1433/1/269
f 1384/1/270 1382/1/270 1433/1/270
f 1384/1/270 1433/1/270 1434/1/270
f 1288/1/150 1384/1/150 1434/1/150
f 1288/1/150 1434/1/150 1386/1/150
f 1385/1/271 1386/1/271 1436/1/271
f 1385/1/271 1436/1/271 1435/1/271
f 1387/1/272 1385/1/272 1435/1/272
f 1387/1/272 1435/1/272 1437/1/272
f 1388/1/273 1387/1/273 1437/1/273
f 1388/1/273 1437/1/273 1438/1/273
f 1389/1/274 1388/1/274 1438/1/274
f 1389/1/274 1438/1/274 1439/1/274
f 1390/1/275 1389/1/275 1439/1/275
f 1390/1/275 1439/1/275 1440/1/275
f 1391/1/276 1390/1/276 1440/1/276
f 1391/1/276 1440/1/276 1441/1/276
f 1392/1/277 1391/1/277 1441/1/277
f 1392/1/277 1441/1/277 1442/1/277
f 1393/1/278 1392/1/278 1442/1/278
f 1393/1/278 1442/1/278 1443/1/278
f 1394/1/279 1393/1/279 1443/1/279
f 1394/1/279 1443/1/279 1444/1/279
f 1395/1/280 1394/1/280 1444/1/280
f 1395/1/280 1444/1/280 1445/1/280
f 1396/1/281 1395/1/281 1445/1/281
f 1396/1/281 1445/1/281 1446/1/281
f 1397/1/282 1396/1/282 1446/1/282
f 1397/1/282 1446/1/282 1447/1/282
f 1398/1/283 1397/1/283 1447/1/283
f 1398/1/283 1447/1/283 1448/1/283
f 1399/1/284 1398/1/284 1448/1/284
f 1399/1/284 1448/1/284 1449/1/284
f 1400/1/285 1399/1/285 1449/1/285
f 1400/1/285 1449/1/285 1450/1/285
f 1401/1/286 1400/1/286 1450/1/286
f 1401/1/286 1450/1/286 1451/1/286
f 1402/1/287 1401/1/287 1451/1/287
f 1402/1/287 1451/1/287 1452/1/287
f 1403/1/288 1402/1/288 1452/1/288
f 1403/1/288 1452/1/288 1453/1/288
f 1404/1/289 1403/1/289 1453/1/289
f 1404/1/289 1453/1/289 1454/1/289
f 1405/1/290 1404/1/290 1454/1/290
f 1405/1/290 1454/1/290 1455/1/290
f 1406/1/291 1405/1/291 1455/1/291
f 1406/1/291 1455/1/291 1456/1/291
f 1407/1/292 1406/1/292 1456/1/292
f 1407/1/292 1456/1/292 1457/1/292
f 1408/1/293 1407/1/293 1457/1/293
f 1408/1/293 1457/1/293 1458/1/293
f 1409/1/294 1408/1/294 1458/1/294
f 1409/1/294 1458/1/294 1459/1/294
f 1410/1/295 1409/1/295 1459/1/295
f 1410/1/295 1459/1/295 1460/1/295
f 1411/1/296 1410/1/296 1460/1/296
f 1411/1/296 1460/1/296 1461/1/296
f 1412/1/297 1411/1/297 1461/1/297
f 1412/1/297 1461/1/297 1462/1/297
f 1413/1/298 1412/1/298 1462/1/298
f 1413/1/298 1462/1/298 1463/1/298
f 1414/1/299 1413/1/299 1463/1/299
f 1414/1/299 1463/1/299 1464/1/299
f 1415/1/300 1414/1/300 1464/1/300
f 1415/1/300 1464/1/300 1465/1/300
f 1416/1/301 1415/1/301 1465/1/301
f 1416/1/301 1465/1/301 1466/1/301
f 1417/1/302 1416/1/302 1466/1/302
f 1417/1/302 1466/1/302 1467/1/302
f 1418/1/303 1417/1/303 1467/1/303
f 1418/1/303 1467/1/303 1468/1/303
f 1419/1/304 1418/1/304 1468/1/304
f 1419/1/304 1468/1/304 1469/1/304
f 1420/1/305 1419/1/305 1469/1/305
f 1420/1/305 1469/1/305 1470/1/305
f 1421/1/306 1420/1/306 1470/1/306
f 1421/1/306 1470/1/306 1471/1/306
f 1422/1/307 1421/1/307 1471/1/307
f 1422/1/307 1471/1/307 1472/1/307
f 1423/1/308 1422/1/308 1472/1/308
f 1423/1/308 1472/1/308 1473/1/308
f 1424/1/309 1423/1/309 1473/1/309
f 1424/1/309 1473/1/309 1474/1/309
f 1425/1/310 1424/1/310 1474/1/310
f 1425/1/310 1474/1/310 1475/1/310
f 1426/1/311 1425/1/311 1475/1/311
f 1426/1/311 1475/1/311 1476/1/311
f 1427/1/312 1426/1/312 1476/1/312
f 1427/1/312 1476/1/312 1477/1/312
f 1428/1/313 1427/1/313 1477/1/313
f 1428/1/313 1477/1/313 1478/1/313
f 1429/1/314 1428/1/314 1478/1/314
f 1429/1/314 1478/1/314 1479/1/314
f 1430/1/315 1429/1/315 1479/1/315
f 1430/1/315 1479/1/315 1480/1/315
f 1431/1/316 1430/1/316 1480/1/316
f 1431/1/316 1480/1/316 1481/1/316
f 1432/1/317 1431/1/317 1481/1/317
f 1432/1/317 1481/1/317 1482/1/317
f 1433/1/318 1432/1/318 1482/1/318
f 1433/1/318 1482/1/318 1483/1/318
f 1434/1/319 1433/1/319 1483/1/319
f 1434/1/319 1483/1/319 1484/1/319
f 1386/1/320 1434/1/320 1484/1/320
f 1386/1/320 1484/1/320 1436/1/320
f 1286/1/27 1284/1/27 1285/1/27
f 1436/1/25 1485/1/25 1435/1/25
f 1289/1/27 1284/1/27 1286/1/27
f 1435/1/25 1485/1/25 1437/1/25
f 1291/1/27 1284/1/27 1289/1/27
f 1437/1/25 1485/1/25 1438/1/25
f 1293/1/27 1284/1/27 1291/1/27
f 1438/1/25 1485/1/25 1439/1/25
f 1295/1/27 1284/1/27 1293/1/27
f 1439/1/25 1485/1/25 1440/1/25
f 1297/1/27 1284/1/27 1295/1/27
f 1440/1/25 1485/1/25 1441/1/25
f 1299/1/27 1284/1/27 1297/1/27
f 1441/1/25 1485/1/25 1442/1/25
f 1301/1/27 1284/1/27 1299/1/27
f 1442/1/25 1485/1/25 1443/1/25
f 1303/1/27 1284/1/27 1301/1/27
f 1443/1/25 1485/1/25 1444/1/25
f 1305/1/27 1284/1/27 1303/1/27
f 1444/1/25 1485/1/25 1445/1/25
f 1307/1/27 1284/1/27 1305/1/27
f 1445/1/25 1485/1/25 1446/1/25
f 1309/1/27 1284/1/27 1307/1/27
f 1446/1/25 1485/1/25 1447/1/25
f 1311/1/27 1284/1/27 1309/1/27
f 1447/1/25 1485/1/25 1448/1/25
f 1313/1/27 1284/1/27 1311/1/27
f 1448/1/25 1485/1/25 1449/1/25
f 1315/1/27 1284/1/27 1313/1/27
f 1449/1/25 1485/1/25 1450/1/25
f 1317/1/27 1284/1/27 1315/1/27
f 1450/1/25 1485/1/25 1451/1/25
f 1319/1/27 1284/1/27 1317/1/27
f 1451/1/25 1485/1/25 1452/1/25
f 1321/1/27 1284/1/27 1319/1/27
f 1452/1/25 1485/1/25 1453/1/25
f 1323/1/27 1284/1/27 1321/1/27
f 1453/1/25 1485/1/25 1454/1/25
f 1325/1/27 1284/1/27 1323/1/27
f 1454/1/25 1485/1/25 1455/1/25
f 1327/1/27 1284/1/27 1325/1/27
f 1455/1/25 1485/1/25 1456/1/25
f 1329/1/27 1284/1/27 1327/1/27
f 1456/1/25 1485/1/25 1457/1/25
f 1331/1/27 1284/1/27 1329/1/27
f 1457/1/25 1485/1/25 1458/1/25
f 1333/1/27 1284/1/27 1331/1/27
f 1458/1/25 1485/1/25 1459/1/25
f 1335/1/27 1284/1/27 1333/1/27
f 1459/1/25 1485/1/25 1460/1/25
f 1337/1/27 1284/1/27 1335/1/27
f 1460/1/25 1485/1/25 1461/1/25
f 1339/1/27 1284/1/27 1337/1/27
f 1461/1/25 1485/1/25 1462/1/25
f 1341/1/27 1284/1/27 1339/1/27
f 1462/1/25 1485/1/25 1463/1/25
f 1343/1/27 1284/1/27 1341/1/27
f 1463/1/25 1485/1/25 1464/1/25
f 1345/1/27 1284/1/27 1343/1/27
f 1464/1/25 1485/1/25 1465/1/25
f 1347/1/27 1284/1/27 1345/1/27
f 1465/1/25 1485/1/25 1466/1/25
f 1349/1/27 1284/1/27 1347/1/27
f 1466/1/25 1485/1/25 1467/1/25
f 1351/1/27 1284/1/27 1349/1/27
f 1467/1/25 1485/1/25 1468/1/25
f 1353/1/27 1284/1/27 1351/1/27
f 1468/1/25 1485/1/25 1469/1/25
f 1355/1/27 1284/1/27 1353/1/27
f 1469/1/25 1485/1/25 1470/1/25
f 1357/1/27 1284/1/27 1355/1/27
f 1470/1/25 1485/1/25 1471/1/25
f 1359/1/27 1284/1/27 1357/1/27
f 1471/1/25 1485/1/25 1472/1/25
f 1361/1/27 1284/1/27 1359/1/27
f 1472/1/25 1485/1/25 1473/1/25
f 1363/1/27 1284/1/27 1361/1/27
f 1473/1/25 1485/1/25 1474/1/25
f 1365/1/27 1284/1/27 1363/1/27
f 1474/1/25 1485/1/25 1475/1/25
f 1367/1/27 1284/1/27 1365/1/27
f 1475/1/25 1485/1/25 1476/1/25
f 1369/1/27 1284/1/27 1367/1/27
f 1476/1/25 1485/1/25 1477/1/25
f 1371/1/27 1284/1/27 1369/1/27
f 1477/1/25 1485/1/25 1478/1/25
f 1373/1/27 1284/1/27 1371/1/27
f 1478/1/25 1485/1/25 1479/1/25
f 1375/1/27 1284/1/27 1373/1/27
f 1479/1/25 1485/1/25 1480/1/25
f 1377/1/27 1284/1/27 1375/1/27
f 1480/1/25 1485/1/25 1481/1/25
f 1379/1/27 1284/1/27 1377/1/27
f 1481/1/25 1485/1/25 1482/1/25
f 1381/1/27 1284/1/27 1379/1/27
f 1482/1/25 1485/1/25 1483/1/25
f 1383/1/27 1284/1/27 1381/1/27
f 1483/1/25 1485/1/25 1484/1/25
f 1285/1/27 1284/1/27 1383/1/27
f 1484/1/25 1485/1/25 1436/1/25
f 1486/1/341 1487/1/341 1488/1/341
f 1486/1/341 1488/1/341 1489/1/341
f 1490/1/342 1491/1/342 1492/1/342
f 1490/1/342 1492/1/342 1493/1/342
f 1491/1/343 1494/1/343 1495/1/343
f 1491/1/343 1495/1/343 1492/1/343
f 1494/1/344 1496/1/344 1497/1/344
f 1494/1/344 1497/1/344 1495/1/344
f 1496/1/345 1498/1/345 1499/1/345
f 1496/1/345 1499/1/345 1497/1/345
f 1498/1/346 1500/1/346 1501/1/346
f 1498/1/346 1501/1/346 1499/1/346
f 1500/1/347 1502/1/347 1503/1/347
f 1500/1/347 1503/1/347 1501/1/347
f 1502/1/348 1504/1/348 1505/1/348
f 1502/1/348 1505/1/348 1503/1/348
f 1504/1/349 1506/1/349 1507/1/349
f 1504/1/349 1507/1/349 1505/1/349
f 1506/1/350 1508/1/350 1509/1/350
f 1506/1/350 1509/1/350 1507/1/350
f 1508/1/351 1490/1/351 1493/1/351
f 1508/1/351 1493/1/351 1509/1/351
f 1510/1/352 1491/1/352 1490/1/352
f 1511/1/353 1493/1/353 1492/1/353
f 1510/1/352 1494/1/352 1491/1/352
f 1511/1/353 1492/1/353 1495/1/353
f 1510/1/352 1496/1/352 1494/1/352
f 1511/1/353 1495/1/353 1497/1/353
f 1510/1/352 1498/1/352 1496/1/352
f 1511/1/353 1497/1/353 1499/1/353
f 1510/1/352 1500/1/352 1498/1/352
f 1511/1/353 1499/1/353 1501/1/353
f 1510/1/352 1502/1/352 1500/1/352
f 1511/1/353 1501/1/353 1503/1/353
f 1510/1/352 1504/1/352 1502/1/352
f 1511/1/353 1503/1/353 1505/1/353
f 1510/1/352 1506/1/352 1504/1/352
f 1511/1/353 1505/1/353 1507/1/353
f 1510/1/352 1508/1/352 1506/1/352
f 1511/1/353 1507/1/353 1509/1/353
f 1510/1/352 1490/1/352 1508/1/352
f 1511/1/353 1509/1/353 1493/1/353
f 1512/1/354 1513/1/354 1514/1/354
f 1512/1/354 1514/1/354 1515/1/354
f 1512/1/25 1486/1/25 1489/1/25
f 1512/1/25 1489/1/25 1513/1/25
f 1513/1/344 1489/1/344 1488/1/344
f 1513/1/344 1488/1/344 1514/1/344
f 1514/1/27 1488/1/27 1487/1/27
f 1514/1/27 1487/1/27 1515/1/27
f 1515/1/349 1487/1/349 1486/1/349
f 1515/1/349 1486/1/349 1512/1/349
f 1516/1/354 1517/1/354 1518/1/354
f 1516/1/354 1518/1/354 1519/1/354
f 1520/1/341 1521/1/341 1522/1/341
f 1520/1/341 1522/1/341 1523/1/341
f 1516/1/25 1520/1/25 1523/1/25
f 1516/1/25 1523/1/25 1517/1/25
f 1517/1/344 1523/1/344 1522/1/344
f 1517/1/344 1522/1/344 1518/1/344
f 1518/1/27 1522/1/27 1521/1/27
f 1518/1/27 1521/1/27 1519/1/27
f 1519/1/349 1521/1/349 1520/1/349
f 1519/1/349 1520/1/349 1516/1/349
# 4500 faces

# mesh 'mesh_CityEngineShapeMaterial_1' from geometry 'mesh_CityEngineShapeMaterial_1'
v -7.100 -7.406 2.728
v -5.895 -7.351 1.683
v -4.708 -7.406 0.823
v -3.562 -7.406 0.238
v -2.348 -7.406 -0.186
v -1.080 -7.406 -0.389
v 0.197 -7.406 -0.528
v 1.481 -7.406 -0.438
v 2.725 -7.406 -0.123
v 3.931 -7.406 0.305
v 5.068 -7.406 0.891
v 6.115 -7.406 1.625
v 6.993 -7.408 2.471
v -7.116 5.298 2.675
v -5.765 5.298 1.558
v -4.708 5.298 0.823
v -3.562 5.298 0.238
v -2.348 5.298 -0.186
v 0.197 5.298 -0.528
v -1.080 5.298 -0.389
v 1.473 5.298 -0.383
v 2.725 5.298 -0.123
v 3.931 5.298 0.305
v 5.068 5.298 0.891
v 6.115 5.298 1.625
v 7.058 5.298 2.498
# 26 vertices

vn -0.334 0.000 0.943
vn -0.458 0.000 0.889
vn -0.574 0.000 0.819
vn -0.694 0.000 0.720
vn -0.679 0.002 0.734
vn -0.204 -0.004 0.979
vn -0.246 0.000 0.969
vn 0.655 0.000 0.755
vn 0.586 0.002 0.810
vn 0.571 0.000 0.821
vn 0.455 0.000 0.891
vn 0.330 0.000 0.944
vn 0.157 0.000 0.988
vn 0.108 0.000 0.994
vn -0.070 0.000 0.998
vn -0.112 -0.004 0.994
vn 0.637 0.004 0.771
# 17 vertex normals

vt 0.9345 0.0002
vt 0.9954 0.0000
vt 1.0000 1.0000
vt 0.9345 1.0000
vt 0.8614 1.0000
vt 0.7818 1.0000
vt 0.6972 1.0000
vt 0.6092 1.0000
vt 0.5193 1.0000
vt 0.4291 1.0000
vt 0.3394 1.0000
vt 0.2533 1.0000
vt 0.1718 1.0000
vt 0.0965 1.0000
vt 0.0000 1.0000
vt 0.0011 0.0002
vt 0.0965 0.0002
vt 0.1718 0.0002
vt 0.2533 0.0002
vt 0.3394 0.0002
vt 0.4291 0.0002
vt 0.5193 0.0002
vt 0.6098 0.0002
vt 0.6972 0.0002
vt 0.7818 0.0002
vt 0.8614 0.0002
# 26 texture coordinates

g CityEngineShapeMaterial_1
s off
usemtl CityEngineShapeMaterial_1
f 1532/25/355 1533/26/355 1546/7/355
f 1546/7/356 1533/26/356 1534/27/356
f 1546/7/356 1534/27/356 1547/6/356
f 1547/6/357 1534/27/357 1535/2/357
f 1547/6/357 1535/2/357 1548/5/357
f 1548/5/358 1535/2/358 1536/3/358
f 1548/5/359 1536/3/359 1549/4/359
f 1545/8/360 1544/9/360 1531/24/360
f 1545/8/361 1531/24/361 1532/25/361
f 1545/8/355 1532/25/355 1546/7/355
f 1524/17/362 1525/18/362 1538/15/362
f 1538/15/363 1525/18/363 1526/19/363
f 1538/15/364 1526/19/364 1539/14/364
f 1539/14/365 1526/19/365 1527/20/365
f 1539/14/365 1527/20/365 1540/13/365
f 1540/13/366 1527/20/366 1528/21/366
f 1540/13/366 1528/21/366 1541/12/366
f 1541/12/367 1528/21/367 1529/22/367
f 1541/12/367 1529/22/367 1543/11/367
f 1543/11/368 1529/22/368 1530/23/368
f 1543/11/368 1530/23/368 1542/10/368
f 1542/10/369 1530/23/369 1531/24/369
f 1542/10/370 1531/24/370 1544/9/370
f 1524/17/371 1538/15/371 1537/16/371
# 24 faces

# mesh 'mesh_CityEngineShapeMaterial_2' from geometry 'mesh_CityEngineShapeMaterial_2'
v 0.717 -6.923 8.504
v 0.717 -6.923 9.632
v -1.943 -6.923 9.632
v -1.943 -6.923 8.504
v 0.717 -4.213 8.504
v 0.717 -4.213 9.632
v -1.943 -4.213 9.632
v -1.943 -4.213 8.504
# 8 vertices

vn 0.000 0.000 1.000
vn 0.000 0.000 -1.000
# 2 vertex normals

vt 0.0000 0.0000
vt 1.0000 0.0000
vt 1.0000 1.0000
vt 0.0000 1.0000
# 4 texture coordinates

g CityEngineShapeMaterial_2
s off
usemtl CityEngineShapeMaterial_2
f 1552/29/372 1551/28/372 1555/31/372
f 1552/29/372 1555/31/372 1556/30/372
f 1550/29/373 1553/28/373 1557/31/373
f 1550/29/373 1557/31/373 1554/30/373
# 4 faces

